pressure: 1015.205, temp: 22.44309,  time: 13.427
pressure: 1017.748, temp: 22.51098,  time: 26.932
pressure: 1017.448, temp: 22.49401,  time: 42.029
pressure: 1017.479, temp: 22.51098,  time: 57.178
pressure: 1017.479, temp: 22.51098,  time: 72.295
pressure: 1018.17, temp: 22.59585,  time: 87.413
pressure: 1018.231, temp: 22.6298,  time: 102.538
pressure: 1018.623, temp: 22.69769,  time: 117.726
pressure: 1018.177, temp: 22.74861,  time: 132.892
pressure: 1018.177, temp: 22.74861,  time: 148.043
pressure: 1018.262, temp: 22.64677,  time: 163.17
pressure: 1018.341, temp: 22.39217,  time: 178.332
pressure: 1018.68, temp: 21.98481,  time: 193.477
pressure: 1018.234, temp: 21.44167,  time: 208.624
pressure: 1018.315, temp: 20.74576,  time: 223.774
pressure: 1018.681, temp: 19.91405,  time: 238.946
pressure: 1018.407, temp: 19.02848,  time: 254.061
pressure: 1018.497, temp: 18.05207,  time: 269.199
pressure: 1018.005, temp: 17.05243,  time: 284.347
pressure: 1018.101, temp: 15.94223,  time: 299.537
pressure: 1018.374, temp: 14.78948,  time: 314.69
pressure: 1018.654, temp: 13.6464,  time: 329.876
pressure: 1018.843, temp: 12.46005,  time: 345.05
pressure: 1018.447, temp: 11.24759,  time: 360.245
pressure: 1018.517, temp: 10.00864,  time: 375.399
pressure: 1018.559, temp: 8.760975,  time: 390.577
pressure: 1018.641, temp: 7.541133,  time: 405.739
pressure: 1018.437, temp: 6.313072,  time: 420.927
pressure: 1018.138, temp: 5.03976,  time: 436.075
pressure: 1018.434, temp: 3.813652,  time: 451.246
pressure: 1018.515, temp: 2.617083,  time: 466.411
pressure: 1018.127, temp: 1.450753,  time: 481.629
pressure: 1018.124, temp: 0.220432,  time: 496.794
pressure: 1018.459, temp: -0.9603148,  time: 512.005
pressure: 1018.112, temp: -2.090465,  time: 527.205
pressure: 1018.254, temp: -3.22699,  time: 542.431
pressure: 1018.268, temp: -4.2922,  time: 557.618
pressure: 1017.898, temp: -5.421515,  time: 572.791
pressure: 1017.948, temp: -6.45886,  time: 587.987
pressure: 1018.308, temp: -7.461918,  time: 603.21
pressure: 1018.032, temp: -8.529167,  time: 618.379
pressure: 1018.182, temp: -9.502222,  time: 633.55
pressure: 1017.928, temp: -10.4197,  time: 648.776
pressure: 1017.873, temp: -11.36113,  time: 663.995
pressure: 1017.671, temp: -12.24613,  time: 679.226
pressure: 1017.956, temp: -13.13467,  time: 694.437
pressure: 1017.808, temp: -13.98613,  time: 709.637
pressure: 1018.185, temp: -14.82044,  time: 724.837
pressure: 1018.093, temp: -15.63736,  time: 739.991
pressure: 1017.902, temp: -16.3751,  time: 755.126
pressure: 1017.663, temp: -17.1358,  time: 770.315
pressure: 1017.87, temp: -17.91967,  time: 785.512
pressure: 1017.653, temp: -18.66472,  time: 800.647
pressure: 1018.245, temp: -19.37056,  time: 815.784
pressure: 1017.87, temp: -20.05767,  time: 830.945
pressure: 1018.21, temp: -20.74677,  time: 846.153
pressure: 1018.037, temp: -21.43786,  time: 861.307
pressure: 1018.461, temp: -22.06785,  time: 876.468
pressure: 1018.489, temp: -22.76275,  time: 891.696
pressure: 1017.784, temp: -23.33279,  time: 906.918
pressure: 1017.932, temp: -23.84061,  time: 922.084
pressure: 1018.249, temp: -24.2646,  time: 937.254
pressure: 1018.116, temp: -24.66807,  time: 952.417
pressure: 1018.113, temp: -25.00834,  time: 967.663
pressure: 1018.198, temp: -25.30647,  time: 982.831
pressure: 1018.324, temp: -25.58362,  time: 997.995
pressure: 1017.719, temp: -25.86108,  time: 1013.178
pressure: 1017.689, temp: -26.0961,  time: 1028.4
pressure: 1018.527, temp: -26.26716,  time: 1043.581
pressure: 1017.664, temp: -26.43834,  time: 1058.755
pressure: 1017.865, temp: -26.5668,  time: 1073.968
pressure: 1018.261, temp: -26.71675,  time: 1089.249
pressure: 1017.928, temp: -26.86679,  time: 1104.455
pressure: 1017.979, temp: -26.95257,  time: 1118.09
pressure: 1018.031, temp: -27.03838,  time: 1131.684
pressure: 1017.597, temp: -27.12422,  time: 1145.38
pressure: 1017.744, temp: -27.16715,  time: 1157.42
pressure: 1018.084, temp: -27.23156,  time: 1171.001
pressure: 1017.94, temp: -27.29598,  time: 1186.176
pressure: 1017.99, temp: -27.38191,  time: 1201.395
pressure: 1017.894, temp: -27.42488,  time: 1216.642
pressure: 1018.088, temp: -27.44637,  time: 1230.262
pressure: 1017.701, temp: -27.51085,  time: 1242.29
pressure: 1018.185, temp: -27.51085,  time: 1255.876
pressure: 1017.556, temp: -27.57535,  time: 1271.122
pressure: 1017.75, temp: -27.59686,  time: 1286.364
pressure: 1017.944, temp: -27.61836,  time: 1300.004
pressure: 1017.702, temp: -27.61836,  time: 1312.04
pressure: 1018.379, temp: -27.63986,  time: 1324.08
pressure: 1018.089, temp: -27.66137,  time: 1337.634
pressure: 1018.089, temp: -27.66137,  time: 1352.837
pressure: 1017.992, temp: -27.70439,  time: 1368.083
pressure: 1017.944, temp: -27.7259,  time: 1383.275
pressure: 1018.186, temp: -27.7259,  time: 1398.486
pressure: 1017.896, temp: -27.74742,  time: 1413.693
pressure: 1017.654, temp: -27.74742,  time: 1428.952
pressure: 1017.605, temp: -27.76894,  time: 1442.593
pressure: 1018.089, temp: -27.76894,  time: 1454.662
pressure: 1017.847, temp: -27.76894,  time: 1468.311
pressure: 1017.315, temp: -27.79046,  time: 1483.542
pressure: 1017.799, temp: -27.79046,  time: 1498.813
pressure: 1017.799, temp: -27.79046,  time: 1514.028
pressure: 1017.508, temp: -27.81198,  time: 1529.272
pressure: 1017.799, temp: -27.79046,  time: 1544.509
pressure: 1018.234, temp: -27.81198,  time: 1559.768
pressure: 1017.799, temp: -27.79046,  time: 1573.41
pressure: 1017.992, temp: -27.81198,  time: 1585.456
pressure: 1017.702, temp: -27.8335,  time: 1599.088
pressure: 1017.702, temp: -27.8335,  time: 1614.33
pressure: 1017.75, temp: -27.81198,  time: 1629.614
pressure: 1017.46, temp: -27.8335,  time: 1644.872
pressure: 1017.75, temp: -27.81198,  time: 1658.596
pressure: 1017.411, temp: -27.85502,  time: 1670.673
pressure: 1017.508, temp: -27.81198,  time: 1684.309
pressure: 1017.944, temp: -27.8335,  time: 1698.037
pressure: 1018.186, temp: -27.8335,  time: 1711.673
pressure: 1017.895, temp: -27.85502,  time: 1726.923
pressure: 1018.186, temp: -27.8335,  time: 1740.616
pressure: 1018.186, temp: -27.8335,  time: 1752.62
pressure: 1017.992, temp: -27.81198,  time: 1766.304
pressure: 1017.75, temp: -27.81198,  time: 1781.56
pressure: 1017.75, temp: -27.81198,  time: 1796.818
pressure: 1017.944, temp: -27.8335,  time: 1812.078
pressure: 1017.992, temp: -27.81198,  time: 1827.395
pressure: 1017.75, temp: -27.81198,  time: 1842.735
pressure: 1017.75, temp: -27.81198,  time: 1857.998
pressure: 1017.992, temp: -27.81198,  time: 1873.257
pressure: 1017.605, temp: -27.76894,  time: 1888.562
pressure: 1017.557, temp: -27.79046,  time: 1902.246
pressure: 1017.992, temp: -27.81198,  time: 1914.305
pressure: 1017.944, temp: -27.8335,  time: 1926.371
pressure: 1018.041, temp: -27.79046,  time: 1940.003
pressure: 1018.234, temp: -27.81198,  time: 1955.255
pressure: 1018.282, temp: -27.79046,  time: 1970.557
pressure: 1017.799, temp: -27.79046,  time: 1984.209
pressure: 1017.75, temp: -27.81198,  time: 1997.774
pressure: 1017.799, temp: -27.79046,  time: 2012.966
pressure: 1017.799, temp: -27.79046,  time: 2028.243
pressure: 1017.799, temp: -27.79046,  time: 2041.863
pressure: 1017.75, temp: -27.81198,  time: 2055.439
pressure: 1017.799, temp: -27.79046,  time: 2070.646
pressure: 1017.799, temp: -27.79046,  time: 2085.84
pressure: 1017.799, temp: -27.79046,  time: 2101.103
pressure: 1017.799, temp: -27.79046,  time: 2116.33
pressure: 1017.75, temp: -27.81198,  time: 2131.494
pressure: 1017.508, temp: -27.81198,  time: 2146.703
pressure: 1017.75, temp: -27.81198,  time: 2161.911
pressure: 1017.75, temp: -27.81198,  time: 2177.076
pressure: 1017.799, temp: -27.79046,  time: 2190.622
pressure: 1017.75, temp: -27.81198,  time: 2204.136
pressure: 1017.992, temp: -27.81198,  time: 2219.319
pressure: 1017.992, temp: -27.81198,  time: 2234.41
pressure: 1017.75, temp: -27.81198,  time: 2249.496
pressure: 1018.234, temp: -27.81198,  time: 2264.585
pressure: 1017.992, temp: -27.81198,  time: 2279.741
pressure: 1017.992, temp: -27.81198,  time: 2294.838
pressure: 1017.992, temp: -27.81198,  time: 2309.924
pressure: 1017.992, temp: -27.81198,  time: 2325.051
pressure: 1017.702, temp: -27.8335,  time: 2338.633
pressure: 1017.992, temp: -27.81198,  time: 2350.498
pressure: 1017.992, temp: -27.81198,  time: 2363.974
pressure: 1017.992, temp: -27.81198,  time: 2379.057
pressure: 1017.799, temp: -27.79046,  time: 2394.197
pressure: 1018.041, temp: -27.79046,  time: 2409.358
pressure: 1017.799, temp: -27.79046,  time: 2424.46
pressure: 1018.282, temp: -27.79046,  time: 2439.561
pressure: 1017.992, temp: -27.81198,  time: 2454.651
pressure: 1018.234, temp: -27.81198,  time: 2469.819
pressure: 1018.282, temp: -27.79046,  time: 2484.914
pressure: 1017.75, temp: -27.81198,  time: 2499.995
pressure: 1017.75, temp: -27.81198,  time: 2515.088
pressure: 1017.799, temp: -27.79046,  time: 2528.699
pressure: 1017.799, temp: -27.79046,  time: 2540.636
pressure: 1017.992, temp: -27.81198,  time: 2554.133
pressure: 1017.992, temp: -27.81198,  time: 2569.246
pressure: 1017.992, temp: -27.81198,  time: 2584.406
pressure: 1017.944, temp: -27.8335,  time: 2599.585
pressure: 1017.992, temp: -27.81198,  time: 2613.14
pressure: 1018.234, temp: -27.81198,  time: 2625.092
pressure: 1017.992, temp: -27.81198,  time: 2638.609
pressure: 1017.992, temp: -27.81198,  time: 2653.753
pressure: 1017.508, temp: -27.81198,  time: 2668.924
pressure: 1017.944, temp: -27.8335,  time: 2684.041
pressure: 1018.234, temp: -27.81198,  time: 2699.15
pressure: 1017.895, temp: -27.85502,  time: 2714.287
pressure: 1017.944, temp: -27.8335,  time: 2729.468
pressure: 1017.702, temp: -27.8335,  time: 2744.616
pressure: 1017.992, temp: -27.81198,  time: 2758.208
pressure: 1017.992, temp: -27.81198,  time: 2770.206
pressure: 1017.944, temp: -27.8335,  time: 2782.178
pressure: 1017.992, temp: -27.81198,  time: 2795.66
pressure: 1017.75, temp: -27.81198,  time: 2809.287
pressure: 1017.75, temp: -27.81198,  time: 2822.818
pressure: 1018.234, temp: -27.81198,  time: 2837.977
pressure: 1017.944, temp: -27.8335,  time: 2851.571
pressure: 1017.75, temp: -27.81198,  time: 2865.101
pressure: 1017.46, temp: -27.8335,  time: 2878.729
pressure: 1017.992, temp: -27.81198,  time: 2892.272
pressure: 1017.992, temp: -27.81198,  time: 2907.433
pressure: 1017.944, temp: -27.8335,  time: 2922.603
pressure: 1017.75, temp: -27.81198,  time: 2937.814
pressure: 1017.944, temp: -27.8335,  time: 2953.063
pressure: 1017.992, temp: -27.81198,  time: 2968.221
pressure: 1017.992, temp: -27.81198,  time: 2983.372
pressure: 1017.75, temp: -27.81198,  time: 2998.569
pressure: 1017.992, temp: -27.81198,  time: 3012.165
pressure: 1017.75, temp: -27.81198,  time: 3025.703
pressure: 1018.234, temp: -27.81198,  time: 3040.849
pressure: 1018.186, temp: -27.8335,  time: 3055.986
pressure: 1017.944, temp: -27.8335,  time: 3069.629
pressure: 1017.944, temp: -27.8335,  time: 3083.168
pressure: 1017.992, temp: -27.81198,  time: 3096.761
pressure: 1017.944, temp: -27.8335,  time: 3108.737
pressure: 1018.234, temp: -27.81198,  time: 3122.297
pressure: 1017.992, temp: -27.81198,  time: 3137.573
pressure: 1017.75, temp: -27.81198,  time: 3152.743
pressure: 1018.041, temp: -27.79046,  time: 3167.929
pressure: 1017.992, temp: -27.81198,  time: 3183.109
pressure: 1017.992, temp: -27.81198,  time: 3198.364
pressure: 1017.702, temp: -27.8335,  time: 3213.543
pressure: 1017.992, temp: -27.81198,  time: 3228.699
pressure: 1017.799, temp: -27.79046,  time: 3243.865
pressure: 1018.234, temp: -27.81198,  time: 3259.099
pressure: 1018.041, temp: -27.79046,  time: 3274.282
pressure: 1018.282, temp: -27.79046,  time: 3289.474
pressure: 1017.75, temp: -27.81198,  time: 3304.666
pressure: 1017.799, temp: -27.79046,  time: 3319.964
pressure: 1017.799, temp: -27.79046,  time: 3335.154
pressure: 1017.75, temp: -27.81198,  time: 3350.347
pressure: 1017.75, temp: -27.81198,  time: 3365.545
pressure: 1017.992, temp: -27.81198,  time: 3380.812
pressure: 1017.992, temp: -27.81198,  time: 3396.012
pressure: 1017.75, temp: -27.81198,  time: 3409.626
pressure: 1018.041, temp: -27.79046,  time: 3423.134
pressure: 1017.75, temp: -27.81198,  time: 3438.384
pressure: 1017.75, temp: -27.81198,  time: 3453.61
pressure: 1017.799, temp: -27.79046,  time: 3467.221
pressure: 1017.75, temp: -27.81198,  time: 3479.209
pressure: 1017.992, temp: -27.81198,  time: 3491.228
pressure: 1017.508, temp: -27.81198,  time: 3503.265
pressure: 1017.702, temp: -27.8335,  time: 3515.272
pressure: 1017.702, temp: -27.8335,  time: 3528.89
pressure: 1018.186, temp: -27.8335,  time: 3544.097
pressure: 1017.702, temp: -27.8335,  time: 3559.347
pressure: 1017.992, temp: -27.81198,  time: 3572.972
pressure: 1017.895, temp: -27.85502,  time: 3586.526
pressure: 1018.186, temp: -27.8335,  time: 3601.757
pressure: 1017.944, temp: -27.8335,  time: 3616.942
pressure: 1017.944, temp: -27.8335,  time: 3632.176
pressure: 1017.75, temp: -27.81198,  time: 3647.352
pressure: 1017.944, temp: -27.8335,  time: 3662.585
pressure: 1017.944, temp: -27.8335,  time: 3677.806
pressure: 1017.992, temp: -27.81198,  time: 3693.014
pressure: 1017.992, temp: -27.81198,  time: 3708.203
pressure: 1018.041, temp: -27.79046,  time: 3721.891
pressure: 1017.75, temp: -27.81198,  time: 3735.458
pressure: 1017.75, temp: -27.81198,  time: 3749.104
pressure: 1018.282, temp: -27.79046,  time: 3762.631
pressure: 1017.944, temp: -27.8335,  time: 3777.805
pressure: 1017.992, temp: -27.81198,  time: 3793.027
pressure: 1017.75, temp: -27.81198,  time: 3806.649
pressure: 1017.944, temp: -27.8335,  time: 3820.229
pressure: 1017.75, temp: -27.81198,  time: 3833.864
pressure: 1018.282, temp: -27.79046,  time: 3847.529
pressure: 1017.992, temp: -27.81198,  time: 3862.669
pressure: 1018.428, temp: -27.8335,  time: 3877.717
pressure: 1017.944, temp: -27.8335,  time: 3892.762
pressure: 1017.702, temp: -27.8335,  time: 3907.81
pressure: 1017.944, temp: -27.8335,  time: 3921.365
pressure: 1017.992, temp: -27.81198,  time: 3933.278
pressure: 1018.137, temp: -27.85502,  time: 3945.184
pressure: 1017.944, temp: -27.8335,  time: 3958.628
pressure: 1017.992, temp: -27.81198,  time: 3973.666
pressure: 1018.186, temp: -27.8335,  time: 3988.769
pressure: 1017.944, temp: -27.8335,  time: 4003.82
pressure: 1018.186, temp: -27.8335,  time: 4017.344
pressure: 1017.944, temp: -27.8335,  time: 4030.878
pressure: 1018.186, temp: -27.8335,  time: 4045.952
pressure: 1018.428, temp: -27.8335,  time: 4061.058
pressure: 1018.428, temp: -27.8335,  time: 4076.118
pressure: 1017.992, temp: -27.81198,  time: 4089.616
pressure: 1017.944, temp: -27.8335,  time: 4103.102
pressure: 1017.944, temp: -27.8335,  time: 4118.195
pressure: 1017.944, temp: -27.8335,  time: 4133.226
pressure: 1017.944, temp: -27.8335,  time: 4148.254
pressure: 1017.653, temp: -27.85502,  time: 4163.323
pressure: 1017.653, temp: -27.85502,  time: 4178.432
pressure: 1018.186, temp: -27.8335,  time: 4193.494
pressure: 1018.234, temp: -27.81198,  time: 4207.032
pressure: 1018.186, temp: -27.8335,  time: 4220.486
pressure: 1017.944, temp: -27.8335,  time: 4234.009
pressure: 1017.992, temp: -27.81198,  time: 4247.54
pressure: 1017.944, temp: -27.8335,  time: 4261.052
pressure: 1017.75, temp: -27.81198,  time: 4274.544
pressure: 1017.944, temp: -27.8335,  time: 4289.614
pressure: 1017.702, temp: -27.8335,  time: 4304.682
pressure: 1017.992, temp: -27.81198,  time: 4319.802
pressure: 1017.992, temp: -27.81198,  time: 4333.315
pressure: 1017.992, temp: -27.81198,  time: 4346.791
pressure: 1017.992, temp: -27.81198,  time: 4361.866
pressure: 1017.702, temp: -27.8335,  time: 4377.023
pressure: 1017.944, temp: -27.8335,  time: 4392.151
pressure: 1017.944, temp: -27.8335,  time: 4407.258
pressure: 1018.137, temp: -27.85502,  time: 4422.351
pressure: 1018.186, temp: -27.8335,  time: 4435.937
pressure: 1018.137, temp: -27.85502,  time: 4447.88
pressure: 1018.186, temp: -27.8335,  time: 4461.392
pressure: 1018.186, temp: -27.8335,  time: 4476.487
pressure: 1017.75, temp: -27.81198,  time: 4491.583
pressure: 1018.186, temp: -27.8335,  time: 4505.164
pressure: 1017.992, temp: -27.81198,  time: 4517.102
pressure: 1018.186, temp: -27.8335,  time: 4530.6
pressure: 1018.186, temp: -27.8335,  time: 4545.708
pressure: 1018.186, temp: -27.8335,  time: 4559.26
pressure: 1018.137, temp: -27.85502,  time: 4571.19
pressure: 1017.944, temp: -27.8335,  time: 4584.743
pressure: 1018.137, temp: -27.85502,  time: 4599.849
pressure: 1017.944, temp: -27.8335,  time: 4614.945
pressure: 1017.895, temp: -27.85502,  time: 4628.499
pressure: 1018.621, temp: -27.85502,  time: 4642.011
pressure: 1018.137, temp: -27.85502,  time: 4657.149
pressure: 1017.944, temp: -27.8335,  time: 4672.236
pressure: 1018.137, temp: -27.85502,  time: 4687.327
pressure: 1017.944, temp: -27.8335,  time: 4702.452
pressure: 1017.702, temp: -27.8335,  time: 4717.611
pressure: 1017.75, temp: -27.81198,  time: 4731.164
pressure: 1017.944, temp: -27.8335,  time: 4744.703
pressure: 1017.944, temp: -27.8335,  time: 4759.844
pressure: 1017.944, temp: -27.8335,  time: 4773.455
pressure: 1017.944, temp: -27.8335,  time: 4785.42
pressure: 1018.186, temp: -27.8335,  time: 4798.913
pressure: 1018.137, temp: -27.85502,  time: 4812.513
pressure: 1018.089, temp: -27.87655,  time: 4824.463
pressure: 1017.895, temp: -27.85502,  time: 4836.42
pressure: 1017.847, temp: -27.87655,  time: 4849.88
pressure: 1017.847, temp: -27.87655,  time: 4865.052
pressure: 1018.089, temp: -27.87655,  time: 4878.616
pressure: 1018.089, temp: -27.87655,  time: 4892.143
pressure: 1017.798, temp: -27.89808,  time: 4907.29
pressure: 1018.04, temp: -27.89808,  time: 4922.542
pressure: 1018.04, temp: -27.89808,  time: 4937.706
pressure: 1017.798, temp: -27.89808,  time: 4952.849
pressure: 1018.04, temp: -27.89808,  time: 4968.001
pressure: 1018.04, temp: -27.89808,  time: 4983.205
pressure: 1018.04, temp: -27.89808,  time: 4998.36
pressure: 1017.798, temp: -27.89808,  time: 5011.926
pressure: 1018.089, temp: -27.87655,  time: 5025.46
pressure: 1018.137, temp: -27.85502,  time: 5040.613
pressure: 1018.04, temp: -27.89808,  time: 5055.865
pressure: 1017.847, temp: -27.87655,  time: 5071.004
pressure: 1017.895, temp: -27.85502,  time: 5086.157
pressure: 1018.379, temp: -27.85502,  time: 5101.356
pressure: 1017.798, temp: -27.89808,  time: 5116.602
pressure: 1018.137, temp: -27.85502,  time: 5131.725
pressure: 1018.089, temp: -27.87655,  time: 5146.862
pressure: 1018.089, temp: -27.87655,  time: 5162.046
pressure: 1018.137, temp: -27.85502,  time: 5177.213
pressure: 1017.798, temp: -27.89808,  time: 5192.307
pressure: 1018.04, temp: -27.89808,  time: 5207.4
pressure: 1017.798, temp: -27.89808,  time: 5222.521
pressure: 1017.798, temp: -27.89808,  time: 5236.135
pressure: 1017.992, temp: -27.91961,  time: 5248.114
pressure: 1017.75, temp: -27.91961,  time: 5260.094
pressure: 1018.04, temp: -27.89808,  time: 5273.669
pressure: 1018.089, temp: -27.87655,  time: 5288.816
pressure: 1017.992, temp: -27.91961,  time: 5303.998
pressure: 1017.798, temp: -27.89808,  time: 5319.126
pressure: 1017.798, temp: -27.89808,  time: 5332.728
pressure: 1017.798, temp: -27.89808,  time: 5346.277
pressure: 1017.992, temp: -27.91961,  time: 5361.421
pressure: 1017.75, temp: -27.91961,  time: 5376.597
pressure: 1018.233, temp: -27.91961,  time: 5391.73
pressure: 1017.701, temp: -27.94114,  time: 5406.867
pressure: 1017.992, temp: -27.91961,  time: 5420.464
pressure: 1018.233, temp: -27.91961,  time: 5432.511
pressure: 1017.992, temp: -27.91961,  time: 5444.477
pressure: 1017.943, temp: -27.94114,  time: 5458.051
pressure: 1018.233, temp: -27.91961,  time: 5473.2
pressure: 1017.75, temp: -27.91961,  time: 5488.368
pressure: 1018.233, temp: -27.91961,  time: 5502.014
pressure: 1017.943, temp: -27.94114,  time: 5514.03
pressure: 1017.992, temp: -27.91961,  time: 5526.03
pressure: 1018.185, temp: -27.94114,  time: 5539.577
pressure: 1017.75, temp: -27.91961,  time: 5554.728
pressure: 1017.75, temp: -27.91961,  time: 5569.896
pressure: 1018.233, temp: -27.91961,  time: 5583.554
pressure: 1017.992, temp: -27.91961,  time: 5597.12
pressure: 1018.233, temp: -27.91961,  time: 5612.301
pressure: 1017.75, temp: -27.91961,  time: 5627.518
pressure: 1018.282, temp: -27.89808,  time: 5642.748
pressure: 1017.943, temp: -27.94114,  time: 5657.917
pressure: 1018.185, temp: -27.94114,  time: 5673.132
pressure: 1017.75, temp: -27.91961,  time: 5688.321
pressure: 1017.992, temp: -27.91961,  time: 5703.527
pressure: 1017.798, temp: -27.89808,  time: 5717.113
pressure: 1017.992, temp: -27.91961,  time: 5730.66
pressure: 1017.798, temp: -27.89808,  time: 5745.818
pressure: 1018.233, temp: -27.91961,  time: 5760.979
pressure: 1017.75, temp: -27.91961,  time: 5776.193
pressure: 1018.233, temp: -27.91961,  time: 5791.379
pressure: 1017.75, temp: -27.91961,  time: 5806.611
pressure: 1017.992, temp: -27.91961,  time: 5821.787
pressure: 1018.233, temp: -27.91961,  time: 5835.465
pressure: 1017.798, temp: -27.89808,  time: 5847.481
pressure: 1017.992, temp: -27.91961,  time: 5861.024
pressure: 1017.75, temp: -27.91961,  time: 5874.647
pressure: 1017.992, temp: -27.91961,  time: 5888.213
pressure: 1018.04, temp: -27.89808,  time: 5901.891
pressure: 1017.75, temp: -27.91961,  time: 5913.884
pressure: 1018.282, temp: -27.89808,  time: 5927.462
pressure: 1018.04, temp: -27.89808,  time: 5941.091
pressure: 1018.04, temp: -27.89808,  time: 5954.687
pressure: 1017.75, temp: -27.91961,  time: 5969.917
pressure: 1017.75, temp: -27.91961,  time: 5985.209
pressure: 1017.508, temp: -27.91961,  time: 5998.844
pressure: 1018.475, temp: -27.91961,  time: 6010.898
pressure: 1018.233, temp: -27.91961,  time: 6024.484
pressure: 1017.992, temp: -27.91961,  time: 6039.721
pressure: 1017.75, temp: -27.91961,  time: 6054.975
pressure: 1017.75, temp: -27.91961,  time: 6068.594
pressure: 1017.75, temp: -27.91961,  time: 6080.624
pressure: 1018.282, temp: -27.89808,  time: 6092.601
pressure: 1017.798, temp: -27.89808,  time: 6106.205
pressure: 1017.75, temp: -27.91961,  time: 6121.494
pressure: 1017.701, temp: -27.94114,  time: 6136.72
pressure: 1017.75, temp: -27.91961,  time: 6150.43
pressure: 1017.894, temp: -27.96268,  time: 6162.487
pressure: 1017.943, temp: -27.94114,  time: 6176.103
pressure: 1018.185, temp: -27.94114,  time: 6191.437
pressure: 1017.943, temp: -27.94114,  time: 6205.071
pressure: 1018.233, temp: -27.91961,  time: 6217.117
pressure: 1017.701, temp: -27.94114,  time: 6230.711
pressure: 1017.701, temp: -27.94114,  time: 6244.365
pressure: 1017.943, temp: -27.94114,  time: 6256.392
pressure: 1018.136, temp: -27.96268,  time: 6268.484
pressure: 1018.136, temp: -27.96268,  time: 6280.463
pressure: 1017.943, temp: -27.94114,  time: 6294.076
pressure: 1018.136, temp: -27.96268,  time: 6309.309
pressure: 1017.845, temp: -27.98421,  time: 6324.584
pressure: 1017.411, temp: -27.96268,  time: 6339.871
pressure: 1017.845, temp: -27.98421,  time: 6355.11
pressure: 1017.701, temp: -27.94114,  time: 6368.784
pressure: 1017.653, temp: -27.96268,  time: 6382.424
pressure: 1017.604, temp: -27.98421,  time: 6397.669
pressure: 1017.653, temp: -27.96268,  time: 6411.367
pressure: 1017.653, temp: -27.96268,  time: 6424.973
pressure: 1017.459, temp: -27.94114,  time: 6440.195
pressure: 1017.701, temp: -27.94114,  time: 6455.455
pressure: 1017.75, temp: -27.91961,  time: 6470.757
pressure: 1017.75, temp: -27.91961,  time: 6486.008
pressure: 1017.943, temp: -27.94114,  time: 6501.317
pressure: 1017.894, temp: -27.96268,  time: 6515.012
pressure: 1017.701, temp: -27.94114,  time: 6527.072
pressure: 1017.943, temp: -27.94114,  time: 6540.774
pressure: 1017.653, temp: -27.96268,  time: 6556.034
pressure: 1017.797, temp: -28.00575,  time: 6571.297
pressure: 1017.604, temp: -27.98421,  time: 6586.552
pressure: 1017.653, temp: -27.96268,  time: 6601.851
pressure: 1017.555, temp: -28.00575,  time: 6617.101
pressure: 1017.362, temp: -27.98421,  time: 6632.407
pressure: 1017.845, temp: -27.98421,  time: 6647.666
pressure: 1017.845, temp: -27.98421,  time: 6662.986
pressure: 1017.653, temp: -27.96268,  time: 6676.759
pressure: 1018.087, temp: -27.98421,  time: 6690.396
pressure: 1017.845, temp: -27.98421,  time: 6705.662
pressure: 1017.604, temp: -27.98421,  time: 6720.933
pressure: 1017.604, temp: -27.98421,  time: 6736.268
pressure: 1017.894, temp: -27.96268,  time: 6751.532
pressure: 1017.604, temp: -27.98421,  time: 6765.263
pressure: 1017.653, temp: -27.96268,  time: 6778.873
pressure: 1017.845, temp: -27.98421,  time: 6794.183
pressure: 1017.653, temp: -27.96268,  time: 6809.418
pressure: 1017.845, temp: -27.98421,  time: 6824.721
pressure: 1017.653, temp: -27.96268,  time: 6839.979
pressure: 1017.894, temp: -27.96268,  time: 6853.765
pressure: 1017.845, temp: -27.98421,  time: 6867.337
pressure: 1017.894, temp: -27.96268,  time: 6881.019
pressure: 1017.845, temp: -27.98421,  time: 6893.115
pressure: 1017.653, temp: -27.96268,  time: 6905.195
pressure: 1017.894, temp: -27.96268,  time: 6918.845
pressure: 1017.894, temp: -27.96268,  time: 6934.137
pressure: 1017.701, temp: -27.94114,  time: 6949.37
pressure: 1017.894, temp: -27.96268,  time: 6964.61
pressure: 1017.943, temp: -27.94114,  time: 6979.868
pressure: 1017.943, temp: -27.94114,  time: 6995.177
pressure: 1017.894, temp: -27.96268,  time: 7010.456
pressure: 1017.653, temp: -27.96268,  time: 7024.209
pressure: 1018.136, temp: -27.96268,  time: 7037.871
pressure: 1017.653, temp: -27.96268,  time: 7053.14
pressure: 1017.555, temp: -28.00575,  time: 7068.452
pressure: 1017.894, temp: -27.96268,  time: 7082.166
pressure: 1018.378, temp: -27.96268,  time: 7095.833
pressure: 1017.845, temp: -27.98421,  time: 7111.085
pressure: 1018.087, temp: -27.98421,  time: 7124.838
pressure: 1018.087, temp: -27.98421,  time: 7138.495
pressure: 1018.039, temp: -28.00575,  time: 7153.765
pressure: 1018.281, temp: -28.00575,  time: 7169.048
pressure: 1018.329, temp: -27.98421,  time: 7184.362
pressure: 1017.797, temp: -28.00575,  time: 7199.745
pressure: 1017.845, temp: -27.98421,  time: 7215.025
pressure: 1018.087, temp: -27.98421,  time: 7230.338
pressure: 1017.555, temp: -28.00575,  time: 7245.625
pressure: 1018.329, temp: -27.98421,  time: 7260.975
pressure: 1018.329, temp: -27.98421,  time: 7276.255
pressure: 1018.281, temp: -28.00575,  time: 7290.014
pressure: 1017.797, temp: -28.00575,  time: 7303.663
pressure: 1017.748, temp: -28.02728,  time: 7318.986
pressure: 1018.087, temp: -27.98421,  time: 7332.705
pressure: 1018.039, temp: -28.00575,  time: 7346.328
pressure: 1017.845, temp: -27.98421,  time: 7361.657
pressure: 1018.136, temp: -27.96268,  time: 7376.977
pressure: 1018.039, temp: -28.00575,  time: 7392.298
pressure: 1018.039, temp: -28.00575,  time: 7407.6
pressure: 1018.039, temp: -28.00575,  time: 7421.314
pressure: 1017.555, temp: -28.00575,  time: 7435.004
pressure: 1018.039, temp: -28.00575,  time: 7448.777
pressure: 1018.281, temp: -28.00575,  time: 7462.441
pressure: 1018.232, temp: -28.02728,  time: 7476.141
pressure: 1018.039, temp: -28.00575,  time: 7488.254
pressure: 1018.232, temp: -28.02728,  time: 7501.951
pressure: 1017.99, temp: -28.02728,  time: 7517.269
pressure: 1018.232, temp: -28.02728,  time: 7532.652
pressure: 1018.232, temp: -28.02728,  time: 7547.993
pressure: 1018.232, temp: -28.02728,  time: 7561.725
pressure: 1018.232, temp: -28.02728,  time: 7575.443
pressure: 1018.667, temp: -28.04883,  time: 7590.805
pressure: 1018.183, temp: -28.04883,  time: 7606.134
pressure: 1017.99, temp: -28.02728,  time: 7619.865
pressure: 1018.281, temp: -28.00575,  time: 7633.556
pressure: 1017.941, temp: -28.04883,  time: 7647.292
pressure: 1018.232, temp: -28.02728,  time: 7659.555
pressure: 1018.183, temp: -28.04883,  time: 7671.51
pressure: 1018.183, temp: -28.04883,  time: 7685.066
pressure: 1017.941, temp: -28.04883,  time: 7700.269
pressure: 1017.941, temp: -28.04883,  time: 7715.476
pressure: 1018.425, temp: -28.04883,  time: 7730.703
pressure: 1018.232, temp: -28.02728,  time: 7745.876
pressure: 1017.7, temp: -28.04883,  time: 7761.045
pressure: 1018.183, temp: -28.04883,  time: 7776.239
pressure: 1018.134, temp: -28.07037,  time: 7791.446
pressure: 1017.893, temp: -28.07037,  time: 7806.605
pressure: 1018.183, temp: -28.04883,  time: 7821.76
pressure: 1017.7, temp: -28.04883,  time: 7836.947
pressure: 1018.183, temp: -28.04883,  time: 7852.192
pressure: 1018.086, temp: -28.09191,  time: 7865.819
pressure: 1018.327, temp: -28.09191,  time: 7879.459
pressure: 1018.134, temp: -28.07037,  time: 7894.639
pressure: 1017.844, temp: -28.09191,  time: 7909.822
pressure: 1018.086, temp: -28.09191,  time: 7925.041
pressure: 1018.376, temp: -28.07037,  time: 7940.222
pressure: 1018.327, temp: -28.09191,  time: 7955.394
pressure: 1018.134, temp: -28.07037,  time: 7970.558
pressure: 1018.134, temp: -28.07037,  time: 7985.758
pressure: 1018.134, temp: -28.07037,  time: 8000.953
pressure: 1018.376, temp: -28.07037,  time: 8016.135
pressure: 1018.134, temp: -28.07037,  time: 8029.763
pressure: 1017.941, temp: -28.04883,  time: 8043.435
pressure: 1017.844, temp: -28.09191,  time: 8058.642
pressure: 1018.183, temp: -28.04883,  time: 8072.265
pressure: 1018.134, temp: -28.07037,  time: 8085.897
pressure: 1017.651, temp: -28.07037,  time: 8099.529
pressure: 1017.941, temp: -28.04883,  time: 8113.153
pressure: 1017.893, temp: -28.07037,  time: 8128.32
pressure: 1018.134, temp: -28.07037,  time: 8143.486
pressure: 1018.183, temp: -28.04883,  time: 8158.641
pressure: 1017.7, temp: -28.04883,  time: 8172.343
pressure: 1018.183, temp: -28.04883,  time: 8185.905
pressure: 1018.183, temp: -28.04883,  time: 8201.107
pressure: 1018.183, temp: -28.04883,  time: 8216.351
pressure: 1017.36, temp: -28.09191,  time: 8231.551
pressure: 1017.602, temp: -28.09191,  time: 8245.249
pressure: 1017.602, temp: -28.09191,  time: 8258.833
pressure: 1018.134, temp: -28.07037,  time: 8272.491
pressure: 1017.021, temp: -28.13501,  time: 8284.48
pressure: 1017.844, temp: -28.09191,  time: 8296.526
pressure: 1017.893, temp: -28.07037,  time: 8310.104
pressure: 1017.7, temp: -28.04883,  time: 8323.801
pressure: 1018.134, temp: -28.07037,  time: 8337.388
pressure: 1018.327, temp: -28.09191,  time: 8352.591
pressure: 1018.376, temp: -28.07037,  time: 8366.288
pressure: 1018.134, temp: -28.07037,  time: 8378.442
pressure: 1018.134, temp: -28.07037,  time: 8390.531
pressure: 1018.183, temp: -28.04883,  time: 8404.105
pressure: 1017.602, temp: -28.09191,  time: 8419.299
pressure: 1017.602, temp: -28.09191,  time: 8432.931
pressure: 1017.312, temp: -28.11346,  time: 8444.996
pressure: 1017.602, temp: -28.09191,  time: 8458.591
pressure: 1017.553, temp: -28.11346,  time: 8473.786
pressure: 1017.312, temp: -28.11346,  time: 8487.3
pressure: 1017.553, temp: -28.11346,  time: 8500.818
pressure: 1017.263, temp: -28.13501,  time: 8515.93
pressure: 1017.746, temp: -28.13501,  time: 8529.546
pressure: 1017.214, temp: -28.15656,  time: 8543.095
pressure: 1017.263, temp: -28.13501,  time: 8556.679
pressure: 1017.746, temp: -28.13501,  time: 8570.194
pressure: 1017.263, temp: -28.13501,  time: 8583.787
pressure: 1017.263, temp: -28.13501,  time: 8597.307
pressure: 1017.505, temp: -28.13501,  time: 8612.495
pressure: 1017.746, temp: -28.13501,  time: 8627.602
pressure: 1017.505, temp: -28.13501,  time: 8642.713
pressure: 1017.553, temp: -28.11346,  time: 8656.28
pressure: 1017.746, temp: -28.13501,  time: 8669.868
pressure: 1017.505, temp: -28.13501,  time: 8684.965
pressure: 1017.795, temp: -28.11346,  time: 8700.032
pressure: 1017.553, temp: -28.11346,  time: 8713.575
pressure: 1017.553, temp: -28.11346,  time: 8727.054
pressure: 1017.214, temp: -28.15656,  time: 8742.164
pressure: 1017.746, temp: -28.13501,  time: 8757.23
pressure: 1017.988, temp: -28.13501,  time: 8770.747
pressure: 1018.037, temp: -28.11346,  time: 8782.668
pressure: 1017.795, temp: -28.11346,  time: 8796.131
pressure: 1017.698, temp: -28.15656,  time: 8811.244
pressure: 1017.844, temp: -28.09191,  time: 8824.697
pressure: 1018.52, temp: -28.11346,  time: 8838.169
pressure: 1018.086, temp: -28.09191,  time: 8853.249
pressure: 1018.037, temp: -28.11346,  time: 8868.391
pressure: 1018.037, temp: -28.11346,  time: 8881.96
pressure: 1018.037, temp: -28.11346,  time: 8893.869
pressure: 1018.037, temp: -28.11346,  time: 8907.358
pressure: 1017.553, temp: -28.11346,  time: 8922.44
pressure: 1017.795, temp: -28.11346,  time: 8937.595
pressure: 1018.037, temp: -28.11346,  time: 8952.672
pressure: 1017.746, temp: -28.13501,  time: 8967.744
pressure: 1017.795, temp: -28.11346,  time: 8982.874
pressure: 1018.037, temp: -28.11346,  time: 8996.439
pressure: 1017.795, temp: -28.11346,  time: 9008.343
pressure: 1018.086, temp: -28.09191,  time: 9021.811
pressure: 1018.037, temp: -28.11346,  time: 9036.934
pressure: 1017.795, temp: -28.11346,  time: 9052.041
pressure: 1017.214, temp: -28.15656,  time: 9067.174
pressure: 1017.505, temp: -28.13501,  time: 9082.27
pressure: 1017.649, temp: -28.17811,  time: 9097.374
pressure: 1017.214, temp: -28.15656,  time: 9110.904
pressure: 1017.939, temp: -28.15656,  time: 9124.374
pressure: 1017.746, temp: -28.13501,  time: 9137.934
pressure: 1017.939, temp: -28.15656,  time: 9151.398
pressure: 1018.132, temp: -28.17811,  time: 9164.936
pressure: 1016.584, temp: -28.22122,  time: 9176.822
pressure: 1017.698, temp: -28.15656,  time: 9190.318
pressure: 1017.939, temp: -28.15656,  time: 9205.537
pressure: 1017.939, temp: -28.15656,  time: 9219.068
pressure: 1017.939, temp: -28.15656,  time: 9231.002
pressure: 1017.649, temp: -28.17811,  time: 9242.942
pressure: 1017.698, temp: -28.15656,  time: 9256.449
pressure: 1017.939, temp: -28.15656,  time: 9271.572
pressure: 1018.23, temp: -28.13501,  time: 9286.727
pressure: 1017.988, temp: -28.13501,  time: 9300.25
pressure: 1017.988, temp: -28.13501,  time: 9312.193
pressure: 1018.181, temp: -28.15656,  time: 9325.709
pressure: 1017.698, temp: -28.15656,  time: 9340.836
pressure: 1018.181, temp: -28.15656,  time: 9356.008
pressure: 1017.939, temp: -28.15656,  time: 9371.184
pressure: 1017.649, temp: -28.17811,  time: 9386.305
pressure: 1018.423, temp: -28.15656,  time: 9401.453
pressure: 1017.649, temp: -28.17811,  time: 9416.628
pressure: 1017.649, temp: -28.17811,  time: 9431.763
pressure: 1017.456, temp: -28.15656,  time: 9446.894
pressure: 1018.423, temp: -28.15656,  time: 9462.02
pressure: 1017.698, temp: -28.15656,  time: 9477.221
pressure: 1018.181, temp: -28.15656,  time: 9492.345
pressure: 1017.89, temp: -28.17811,  time: 9507.465
pressure: 1017.939, temp: -28.15656,  time: 9522.628
pressure: 1017.939, temp: -28.15656,  time: 9537.841
pressure: 1017.988, temp: -28.13501,  time: 9552.964
pressure: 1017.939, temp: -28.15656,  time: 9568.109
pressure: 1017.746, temp: -28.13501,  time: 9581.679
pressure: 1017.988, temp: -28.13501,  time: 9595.264
pressure: 1017.698, temp: -28.15656,  time: 9608.829
pressure: 1017.988, temp: -28.13501,  time: 9622.333
pressure: 1018.23, temp: -28.13501,  time: 9635.845
pressure: 1017.698, temp: -28.15656,  time: 9649.38
pressure: 1018.23, temp: -28.13501,  time: 9664.584
pressure: 1017.939, temp: -28.15656,  time: 9679.737
pressure: 1018.132, temp: -28.17811,  time: 9694.943
pressure: 1017.939, temp: -28.15656,  time: 9710.142
pressure: 1017.939, temp: -28.15656,  time: 9725.336
pressure: 1018.132, temp: -28.17811,  time: 9740.471
pressure: 1018.181, temp: -28.15656,  time: 9754.07
pressure: 1018.132, temp: -28.17811,  time: 9767.589
pressure: 1018.616, temp: -28.17811,  time: 9782.699
pressure: 1017.89, temp: -28.17811,  time: 9797.873
pressure: 1018.083, temp: -28.19967,  time: 9813.028
pressure: 1018.374, temp: -28.17811,  time: 9828.184
pressure: 1017.89, temp: -28.17811,  time: 9841.779
pressure: 1018.132, temp: -28.17811,  time: 9853.873
pressure: 1018.374, temp: -28.17811,  time: 9865.85
pressure: 1017.89, temp: -28.17811,  time: 9877.827
pressure: 1018.132, temp: -28.17811,  time: 9891.38
pressure: 1017.842, temp: -28.19967,  time: 9906.53
pressure: 1018.325, temp: -28.19967,  time: 9921.714
pressure: 1018.083, temp: -28.19967,  time: 9936.921
pressure: 1018.083, temp: -28.19967,  time: 9952.058
pressure: 1018.083, temp: -28.19967,  time: 9965.663
pressure: 1017.842, temp: -28.19967,  time: 9979.205
pressure: 1017.842, temp: -28.19967,  time: 9994.463
pressure: 1018.325, temp: -28.19967,  time: 10009.62
pressure: 1018.035, temp: -28.22122,  time: 10023.26
pressure: 1018.276, temp: -28.22122,  time: 10036.82
pressure: 1017.793, temp: -28.22122,  time: 10051.99
pressure: 1018.325, temp: -28.19967,  time: 10065.58
pressure: 1018.276, temp: -28.22122,  time: 10079.2
pressure: 1018.276, temp: -28.22122,  time: 10094.34
pressure: 1017.986, temp: -28.24278,  time: 10109.47
pressure: 1018.276, temp: -28.22122,  time: 10124.65
pressure: 1018.035, temp: -28.22122,  time: 10138.24
pressure: 1018.227, temp: -28.24278,  time: 10150.22
pressure: 1018.227, temp: -28.24278,  time: 10163.77
pressure: 1018.227, temp: -28.24278,  time: 10178.99
pressure: 1017.937, temp: -28.26434,  time: 10194.2
pressure: 1018.42, temp: -28.26434,  time: 10207.8
pressure: 1018.227, temp: -28.24278,  time: 10219.78
pressure: 1017.986, temp: -28.24278,  time: 10233.35
pressure: 1018.42, temp: -28.26434,  time: 10248.52
pressure: 1017.744, temp: -28.24278,  time: 10263.72
pressure: 1018.227, temp: -28.24278,  time: 10277.3
pressure: 1017.937, temp: -28.26434,  time: 10290.87
pressure: 1018.178, temp: -28.26434,  time: 10304.48
pressure: 1018.13, temp: -28.2859,  time: 10318.04
pressure: 1017.888, temp: -28.2859,  time: 10333.29
pressure: 1018.178, temp: -28.26434,  time: 10348.49
pressure: 1018.08, temp: -28.30746,  time: 10363.67
pressure: 1018.613, temp: -28.2859,  time: 10377.3
pressure: 1017.839, temp: -28.30746,  time: 10390.88
pressure: 1018.371, temp: -28.2859,  time: 10406.14
pressure: 1017.888, temp: -28.2859,  time: 10421.32
pressure: 1018.371, temp: -28.2859,  time: 10436.49
pressure: 1018.13, temp: -28.2859,  time: 10451.67
pressure: 1018.178, temp: -28.26434,  time: 10466.91
pressure: 1018.178, temp: -28.26434,  time: 10480.48
pressure: 1018.13, temp: -28.2859,  time: 10494.09
pressure: 1017.646, temp: -28.2859,  time: 10509.34
pressure: 1018.13, temp: -28.2859,  time: 10524.6
pressure: 1018.13, temp: -28.2859,  time: 10539.8
pressure: 1017.888, temp: -28.2859,  time: 10555.0
pressure: 1017.839, temp: -28.30746,  time: 10570.22
pressure: 1018.273, temp: -28.32903,  time: 10585.5
pressure: 1018.08, temp: -28.30746,  time: 10599.09
pressure: 1017.741, temp: -28.35059,  time: 10611.1
pressure: 1017.983, temp: -28.35059,  time: 10624.69
pressure: 1018.032, temp: -28.32903,  time: 10639.88
pressure: 1017.79, temp: -28.32903,  time: 10655.17
pressure: 1018.032, temp: -28.32903,  time: 10670.39
pressure: 1018.032, temp: -28.32903,  time: 10685.59
pressure: 1017.79, temp: -28.32903,  time: 10699.23
pressure: 1017.79, temp: -28.32903,  time: 10712.81
pressure: 1018.224, temp: -28.35059,  time: 10728.09
pressure: 1017.934, temp: -28.37216,  time: 10743.29
pressure: 1018.032, temp: -28.32903,  time: 10758.47
pressure: 1018.224, temp: -28.35059,  time: 10773.68
pressure: 1018.175, temp: -28.37216,  time: 10787.36
pressure: 1017.934, temp: -28.37216,  time: 10800.95
pressure: 1017.983, temp: -28.35059,  time: 10816.19
pressure: 1017.983, temp: -28.35059,  time: 10831.46
pressure: 1017.983, temp: -28.35059,  time: 10846.74
pressure: 1018.175, temp: -28.37216,  time: 10860.4
pressure: 1017.885, temp: -28.39373,  time: 10873.98
pressure: 1017.934, temp: -28.37216,  time: 10887.65
pressure: 1017.934, temp: -28.37216,  time: 10901.26
pressure: 1018.175, temp: -28.37216,  time: 10916.52
pressure: 1018.175, temp: -28.37216,  time: 10931.73
pressure: 1017.692, temp: -28.37216,  time: 10946.97
pressure: 1017.692, temp: -28.37216,  time: 10962.21
pressure: 1018.175, temp: -28.37216,  time: 10977.52
pressure: 1018.175, temp: -28.37216,  time: 10992.79
pressure: 1017.836, temp: -28.4153,  time: 11008.04
pressure: 1017.934, temp: -28.37216,  time: 11023.29
pressure: 1017.643, temp: -28.39373,  time: 11038.59
pressure: 1017.885, temp: -28.39373,  time: 11053.84
pressure: 1017.836, temp: -28.4153,  time: 11069.08
pressure: 1018.077, temp: -28.4153,  time: 11084.31
pressure: 1018.028, temp: -28.43687,  time: 11099.61
pressure: 1017.836, temp: -28.4153,  time: 11114.84
pressure: 1018.077, temp: -28.4153,  time: 11130.1
pressure: 1017.885, temp: -28.39373,  time: 11145.42
pressure: 1017.836, temp: -28.4153,  time: 11159.17
pressure: 1017.934, temp: -28.37216,  time: 11172.83
pressure: 1017.885, temp: -28.39373,  time: 11188.08
pressure: 1017.836, temp: -28.4153,  time: 11203.34
pressure: 1018.126, temp: -28.39373,  time: 11218.62
pressure: 1018.126, temp: -28.39373,  time: 11233.87
pressure: 1017.885, temp: -28.39373,  time: 11249.08
pressure: 1017.885, temp: -28.39373,  time: 11264.33
pressure: 1018.077, temp: -28.4153,  time: 11279.56
pressure: 1018.077, temp: -28.4153,  time: 11294.85
pressure: 1017.836, temp: -28.4153,  time: 11310.14
pressure: 1018.077, temp: -28.4153,  time: 11325.37
pressure: 1018.077, temp: -28.4153,  time: 11340.62
pressure: 1018.028, temp: -28.43687,  time: 11355.9
pressure: 1018.028, temp: -28.43687,  time: 11371.17
pressure: 1017.787, temp: -28.43687,  time: 11386.4
pressure: 1018.028, temp: -28.43687,  time: 11400.06
pressure: 1017.738, temp: -28.45845,  time: 11413.72
pressure: 1018.221, temp: -28.45845,  time: 11428.94
pressure: 1018.028, temp: -28.43687,  time: 11444.17
pressure: 1018.077, temp: -28.4153,  time: 11459.43
pressure: 1017.787, temp: -28.43687,  time: 11474.74
pressure: 1017.979, temp: -28.45845,  time: 11489.98
pressure: 1017.979, temp: -28.45845,  time: 11503.66
pressure: 1017.787, temp: -28.43687,  time: 11515.71
pressure: 1017.738, temp: -28.45845,  time: 11527.79
pressure: 1017.738, temp: -28.45845,  time: 11541.42
pressure: 1017.979, temp: -28.45845,  time: 11556.71
pressure: 1018.221, temp: -28.45845,  time: 11571.94
pressure: 1017.979, temp: -28.45845,  time: 11587.2
pressure: 1018.028, temp: -28.43687,  time: 11602.45
pressure: 1018.221, temp: -28.45845,  time: 11617.77
pressure: 1017.738, temp: -28.45845,  time: 11633.05
pressure: 1018.364, temp: -28.50161,  time: 11648.31
pressure: 1018.221, temp: -28.45845,  time: 11663.58
pressure: 1018.172, temp: -28.48003,  time: 11678.89
pressure: 1018.606, temp: -28.50161,  time: 11694.15
pressure: 1018.413, temp: -28.48003,  time: 11709.4
pressure: 1018.172, temp: -28.48003,  time: 11724.63
pressure: 1018.413, temp: -28.48003,  time: 11739.99
pressure: 1017.93, temp: -28.48003,  time: 11755.22
pressure: 1018.172, temp: -28.48003,  time: 11770.43
pressure: 1018.172, temp: -28.48003,  time: 11785.58
pressure: 1018.123, temp: -28.50161,  time: 11800.71
pressure: 1018.074, temp: -28.52319,  time: 11815.82
pressure: 1018.123, temp: -28.50161,  time: 11830.9
pressure: 1018.074, temp: -28.52319,  time: 11846.03
pressure: 1018.074, temp: -28.52319,  time: 11861.16
pressure: 1018.364, temp: -28.50161,  time: 11876.24
pressure: 1018.074, temp: -28.52319,  time: 11891.34
pressure: 1018.074, temp: -28.52319,  time: 11906.45
pressure: 1018.266, temp: -28.54478,  time: 11921.6
pressure: 1018.074, temp: -28.52319,  time: 11936.77
pressure: 1018.074, temp: -28.52319,  time: 11951.88
pressure: 1018.364, temp: -28.50161,  time: 11967.0
pressure: 1018.123, temp: -28.50161,  time: 11982.17
pressure: 1018.123, temp: -28.50161,  time: 11997.3
pressure: 1018.413, temp: -28.48003,  time: 12012.42
pressure: 1018.123, temp: -28.50161,  time: 12027.53
pressure: 1017.689, temp: -28.48003,  time: 12042.68
pressure: 1017.93, temp: -28.48003,  time: 12057.8
pressure: 1018.413, temp: -28.48003,  time: 12072.92
pressure: 1017.93, temp: -28.48003,  time: 12088.07
pressure: 1017.881, temp: -28.50161,  time: 12103.27
pressure: 1017.64, temp: -28.50161,  time: 12118.39
pressure: 1017.881, temp: -28.50161,  time: 12133.54
pressure: 1018.266, temp: -28.54478,  time: 12148.7
pressure: 1018.266, temp: -28.54478,  time: 12163.88
pressure: 1017.975, temp: -28.56636,  time: 12178.99
pressure: 1018.266, temp: -28.54478,  time: 12194.11
pressure: 1018.024, temp: -28.54478,  time: 12209.27
pressure: 1017.975, temp: -28.56636,  time: 12224.46
pressure: 1017.975, temp: -28.56636,  time: 12239.62
pressure: 1018.458, temp: -28.56636,  time: 12254.82
pressure: 1017.975, temp: -28.56636,  time: 12269.97
pressure: 1017.734, temp: -28.56636,  time: 12285.17
pressure: 1018.266, temp: -28.54478,  time: 12300.31
pressure: 1018.024, temp: -28.54478,  time: 12315.48
pressure: 1018.266, temp: -28.54478,  time: 12330.62
pressure: 1018.024, temp: -28.54478,  time: 12345.82
pressure: 1018.217, temp: -28.56636,  time: 12360.96
pressure: 1018.217, temp: -28.56636,  time: 12376.12
pressure: 1018.024, temp: -28.54478,  time: 12391.37
pressure: 1018.024, temp: -28.54478,  time: 12406.59
pressure: 1018.024, temp: -28.54478,  time: 12421.71
pressure: 1018.024, temp: -28.54478,  time: 12436.84
pressure: 1018.024, temp: -28.54478,  time: 12451.96
pressure: 1018.557, temp: -28.52319,  time: 12467.17
pressure: 1018.266, temp: -28.54478,  time: 12482.29
pressure: 1018.074, temp: -28.52319,  time: 12497.4
pressure: 1018.123, temp: -28.50161,  time: 12512.53
pressure: 1018.315, temp: -28.52319,  time: 12527.71
pressure: 1018.074, temp: -28.52319,  time: 12542.83
pressure: 1018.749, temp: -28.54478,  time: 12558.04
pressure: 1017.832, temp: -28.52319,  time: 12573.18
pressure: 1018.266, temp: -28.54478,  time: 12588.38
pressure: 1017.975, temp: -28.56636,  time: 12603.52
pressure: 1018.217, temp: -28.56636,  time: 12618.69
pressure: 1018.024, temp: -28.54478,  time: 12633.83
pressure: 1017.975, temp: -28.56636,  time: 12649.0
pressure: 1018.458, temp: -28.56636,  time: 12664.17
pressure: 1018.217, temp: -28.56636,  time: 12679.32
pressure: 1017.734, temp: -28.56636,  time: 12694.45
pressure: 1018.168, temp: -28.58794,  time: 12709.68
pressure: 1018.217, temp: -28.56636,  time: 12724.82
pressure: 1017.783, temp: -28.54478,  time: 12739.97
pressure: 1018.024, temp: -28.54478,  time: 12755.11
pressure: 1018.266, temp: -28.54478,  time: 12770.33
pressure: 1018.749, temp: -28.54478,  time: 12785.46
pressure: 1018.217, temp: -28.56636,  time: 12800.58
pressure: 1017.734, temp: -28.56636,  time: 12815.71
pressure: 1018.217, temp: -28.56636,  time: 12830.91
pressure: 1017.734, temp: -28.56636,  time: 12846.04
pressure: 1018.217, temp: -28.56636,  time: 12861.23
pressure: 1017.975, temp: -28.56636,  time: 12876.41
pressure: 1017.975, temp: -28.56636,  time: 12891.6
pressure: 1018.458, temp: -28.56636,  time: 12906.8
pressure: 1018.266, temp: -28.54478,  time: 12921.95
pressure: 1018.409, temp: -28.58794,  time: 12937.08
pressure: 1018.217, temp: -28.56636,  time: 12952.25
pressure: 1018.458, temp: -28.56636,  time: 12967.37
pressure: 1018.507, temp: -28.54478,  time: 12982.53
pressure: 1018.024, temp: -28.54478,  time: 12997.67
pressure: 1018.266, temp: -28.54478,  time: 13012.9
pressure: 1018.024, temp: -28.54478,  time: 13028.06
pressure: 1018.557, temp: -28.52319,  time: 13043.21
pressure: 1018.266, temp: -28.54478,  time: 13058.38
pressure: 1018.024, temp: -28.54478,  time: 13073.6
pressure: 1018.024, temp: -28.54478,  time: 13088.75
pressure: 1018.024, temp: -28.54478,  time: 13103.89
pressure: 1018.315, temp: -28.52319,  time: 13119.04
pressure: 1018.074, temp: -28.52319,  time: 13134.26
pressure: 1018.024, temp: -28.54478,  time: 13149.41
pressure: 1018.266, temp: -28.54478,  time: 13164.58
pressure: 1018.024, temp: -28.54478,  time: 13179.78
pressure: 1017.783, temp: -28.54478,  time: 13195.0
pressure: 1018.507, temp: -28.54478,  time: 13210.17
pressure: 1017.975, temp: -28.56636,  time: 13225.35
pressure: 1017.975, temp: -28.56636,  time: 13240.54
pressure: 1017.975, temp: -28.56636,  time: 13255.75
pressure: 1018.217, temp: -28.56636,  time: 13270.89
pressure: 1018.217, temp: -28.56636,  time: 13286.08
pressure: 1017.975, temp: -28.56636,  time: 13301.27
pressure: 1017.926, temp: -28.58794,  time: 13316.49
pressure: 1017.975, temp: -28.56636,  time: 13331.72
pressure: 1017.975, temp: -28.56636,  time: 13346.9
pressure: 1017.975, temp: -28.56636,  time: 13362.1
pressure: 1017.975, temp: -28.56636,  time: 13377.34
pressure: 1018.458, temp: -28.56636,  time: 13392.53
pressure: 1017.975, temp: -28.56636,  time: 13407.71
pressure: 1018.217, temp: -28.56636,  time: 13422.9
pressure: 1018.217, temp: -28.56636,  time: 13438.15
pressure: 1018.217, temp: -28.56636,  time: 13453.34
pressure: 1017.975, temp: -28.56636,  time: 13468.52
pressure: 1018.266, temp: -28.54478,  time: 13483.78
pressure: 1018.217, temp: -28.56636,  time: 13499.02
pressure: 1018.217, temp: -28.56636,  time: 13514.24
pressure: 1017.783, temp: -28.54478,  time: 13529.46
pressure: 1018.217, temp: -28.56636,  time: 13544.68
pressure: 1018.024, temp: -28.54478,  time: 13559.97
pressure: 1017.783, temp: -28.54478,  time: 13575.17
pressure: 1018.074, temp: -28.52319,  time: 13590.36
pressure: 1017.832, temp: -28.52319,  time: 13605.53
pressure: 1018.266, temp: -28.54478,  time: 13620.76
pressure: 1018.266, temp: -28.54478,  time: 13635.99
pressure: 1017.783, temp: -28.54478,  time: 13651.17
pressure: 1018.557, temp: -28.52319,  time: 13666.37
pressure: 1018.024, temp: -28.54478,  time: 13681.59
pressure: 1018.024, temp: -28.54478,  time: 13696.79
pressure: 1018.315, temp: -28.52319,  time: 13711.96
pressure: 1018.123, temp: -28.50161,  time: 13727.13
pressure: 1018.315, temp: -28.52319,  time: 13742.39
pressure: 1018.024, temp: -28.54478,  time: 13757.57
pressure: 1017.783, temp: -28.54478,  time: 13772.77
pressure: 1018.024, temp: -28.54478,  time: 13788.02
pressure: 1018.266, temp: -28.54478,  time: 13803.24
pressure: 1018.024, temp: -28.54478,  time: 13818.46
pressure: 1018.024, temp: -28.54478,  time: 13833.65
pressure: 1017.975, temp: -28.56636,  time: 13848.92
pressure: 1018.507, temp: -28.54478,  time: 13864.14
pressure: 1017.926, temp: -28.58794,  time: 13879.3
pressure: 1018.217, temp: -28.56636,  time: 13894.5
pressure: 1018.217, temp: -28.56636,  time: 13909.7
pressure: 1018.217, temp: -28.56636,  time: 13924.93
pressure: 1018.024, temp: -28.54478,  time: 13940.18
pressure: 1018.024, temp: -28.54478,  time: 13955.38
pressure: 1017.975, temp: -28.56636,  time: 13970.59
pressure: 1018.168, temp: -28.58794,  time: 13985.84
pressure: 1017.975, temp: -28.56636,  time: 14001.05
pressure: 1017.975, temp: -28.56636,  time: 14016.25
pressure: 1018.266, temp: -28.54478,  time: 14031.44
pressure: 1018.266, temp: -28.54478,  time: 14046.7
pressure: 1018.024, temp: -28.54478,  time: 14061.91
pressure: 1018.024, temp: -28.54478,  time: 14077.13
pressure: 1018.266, temp: -28.54478,  time: 14092.43
pressure: 1018.074, temp: -28.52319,  time: 14107.67
pressure: 1018.266, temp: -28.54478,  time: 14122.87
pressure: 1018.024, temp: -28.54478,  time: 14138.08
pressure: 1018.024, temp: -28.54478,  time: 14153.27
pressure: 1018.024, temp: -28.54478,  time: 14168.5
pressure: 1018.798, temp: -28.52319,  time: 14183.68
pressure: 1017.832, temp: -28.52319,  time: 14198.89
pressure: 1018.024, temp: -28.54478,  time: 14214.09
pressure: 1017.832, temp: -28.52319,  time: 14229.37
pressure: 1017.881, temp: -28.50161,  time: 14244.59
pressure: 1018.123, temp: -28.50161,  time: 14259.77
pressure: 1017.881, temp: -28.50161,  time: 14274.98
pressure: 1017.832, temp: -28.52319,  time: 14290.23
pressure: 1018.123, temp: -28.50161,  time: 14305.4
pressure: 1018.364, temp: -28.50161,  time: 14320.58
pressure: 1018.315, temp: -28.52319,  time: 14335.76
pressure: 1018.315, temp: -28.52319,  time: 14351.02
pressure: 1018.074, temp: -28.52319,  time: 14366.22
pressure: 1018.315, temp: -28.52319,  time: 14381.45
pressure: 1018.074, temp: -28.52319,  time: 14396.67
pressure: 1018.123, temp: -28.50161,  time: 14411.94
pressure: 1018.074, temp: -28.52319,  time: 14427.14
pressure: 1018.123, temp: -28.50161,  time: 14442.36
pressure: 1018.123, temp: -28.50161,  time: 14457.58
pressure: 1018.123, temp: -28.50161,  time: 14472.81
pressure: 1018.074, temp: -28.52319,  time: 14488.01
pressure: 1017.832, temp: -28.52319,  time: 14503.25
pressure: 1017.832, temp: -28.52319,  time: 14518.45
pressure: 1018.266, temp: -28.54478,  time: 14533.75
pressure: 1018.074, temp: -28.52319,  time: 14548.98
pressure: 1018.074, temp: -28.52319,  time: 14564.21
pressure: 1018.074, temp: -28.52319,  time: 14579.44
pressure: 1017.832, temp: -28.52319,  time: 14594.73
pressure: 1018.074, temp: -28.52319,  time: 14609.95
pressure: 1018.074, temp: -28.52319,  time: 14625.16
pressure: 1017.832, temp: -28.52319,  time: 14640.38
pressure: 1018.024, temp: -28.54478,  time: 14655.67
pressure: 1017.832, temp: -28.52319,  time: 14670.9
pressure: 1018.074, temp: -28.52319,  time: 14686.17
pressure: 1018.123, temp: -28.50161,  time: 14701.43
pressure: 1017.881, temp: -28.50161,  time: 14716.72
pressure: 1018.123, temp: -28.50161,  time: 14732.01
pressure: 1018.364, temp: -28.50161,  time: 14747.25
pressure: 1018.123, temp: -28.50161,  time: 14762.44
pressure: 1018.123, temp: -28.50161,  time: 14777.68
pressure: 1018.172, temp: -28.48003,  time: 14792.89
pressure: 1018.413, temp: -28.48003,  time: 14808.12
pressure: 1017.93, temp: -28.48003,  time: 14823.33
pressure: 1018.462, temp: -28.45845,  time: 14838.64
pressure: 1017.64, temp: -28.50161,  time: 14853.85
pressure: 1018.123, temp: -28.50161,  time: 14869.09
pressure: 1018.413, temp: -28.48003,  time: 14884.31
pressure: 1017.93, temp: -28.48003,  time: 14899.6
pressure: 1018.221, temp: -28.45845,  time: 14914.81
pressure: 1017.881, temp: -28.50161,  time: 14930.02
pressure: 1017.881, temp: -28.50161,  time: 14945.24
pressure: 1018.172, temp: -28.48003,  time: 14960.53
pressure: 1017.881, temp: -28.50161,  time: 14975.76
pressure: 1018.364, temp: -28.50161,  time: 14991.04
pressure: 1018.074, temp: -28.52319,  time: 15006.27
pressure: 1018.123, temp: -28.50161,  time: 15021.59
pressure: 1018.606, temp: -28.50161,  time: 15036.82
pressure: 1017.832, temp: -28.52319,  time: 15052.11
pressure: 1018.123, temp: -28.50161,  time: 15067.32
pressure: 1017.881, temp: -28.50161,  time: 15082.56
pressure: 1018.364, temp: -28.50161,  time: 15097.79
pressure: 1017.64, temp: -28.50161,  time: 15113.04
pressure: 1017.881, temp: -28.50161,  time: 15128.27
pressure: 1017.881, temp: -28.50161,  time: 15143.6
pressure: 1017.832, temp: -28.52319,  time: 15158.83
pressure: 1018.123, temp: -28.50161,  time: 15174.07
pressure: 1018.364, temp: -28.50161,  time: 15189.31
pressure: 1018.123, temp: -28.50161,  time: 15204.59
pressure: 1018.364, temp: -28.50161,  time: 15219.85
pressure: 1017.93, temp: -28.48003,  time: 15235.01
pressure: 1018.123, temp: -28.50161,  time: 15250.19
pressure: 1017.64, temp: -28.50161,  time: 15265.43
pressure: 1018.413, temp: -28.48003,  time: 15280.6
pressure: 1017.93, temp: -28.48003,  time: 15295.77
pressure: 1017.689, temp: -28.48003,  time: 15310.92
pressure: 1018.172, temp: -28.48003,  time: 15326.12
pressure: 1017.64, temp: -28.50161,  time: 15341.29
pressure: 1017.93, temp: -28.48003,  time: 15356.44
pressure: 1017.689, temp: -28.48003,  time: 15371.57
pressure: 1017.93, temp: -28.48003,  time: 15386.79
pressure: 1018.172, temp: -28.48003,  time: 15401.94
pressure: 1017.738, temp: -28.45845,  time: 15417.08
pressure: 1017.689, temp: -28.48003,  time: 15432.28
pressure: 1018.221, temp: -28.45845,  time: 15447.42
pressure: 1017.738, temp: -28.45845,  time: 15462.51
pressure: 1017.93, temp: -28.48003,  time: 15477.6
pressure: 1017.93, temp: -28.48003,  time: 15492.68
pressure: 1018.123, temp: -28.50161,  time: 15507.81
pressure: 1017.93, temp: -28.48003,  time: 15522.87
pressure: 1017.93, temp: -28.48003,  time: 15537.97
pressure: 1017.689, temp: -28.48003,  time: 15553.06
pressure: 1017.881, temp: -28.50161,  time: 15568.22
pressure: 1017.93, temp: -28.48003,  time: 15583.36
pressure: 1017.689, temp: -28.48003,  time: 15598.46
pressure: 1017.93, temp: -28.48003,  time: 15613.58
pressure: 1017.881, temp: -28.50161,  time: 15628.74
pressure: 1017.881, temp: -28.50161,  time: 15643.84
pressure: 1018.315, temp: -28.52319,  time: 15658.92
pressure: 1017.881, temp: -28.50161,  time: 15674.02
pressure: 1017.93, temp: -28.48003,  time: 15689.2
pressure: 1018.172, temp: -28.48003,  time: 15704.29
pressure: 1017.93, temp: -28.48003,  time: 15719.45
pressure: 1017.64, temp: -28.50161,  time: 15734.57
pressure: 1017.689, temp: -28.48003,  time: 15749.74
pressure: 1017.881, temp: -28.50161,  time: 15764.85
pressure: 1017.881, temp: -28.50161,  time: 15779.99
pressure: 1017.881, temp: -28.50161,  time: 15795.09
pressure: 1018.123, temp: -28.50161,  time: 15810.24
pressure: 1017.93, temp: -28.48003,  time: 15825.37
pressure: 1018.172, temp: -28.48003,  time: 15840.5
pressure: 1017.881, temp: -28.50161,  time: 15855.62
pressure: 1017.689, temp: -28.48003,  time: 15870.85
pressure: 1017.93, temp: -28.48003,  time: 15885.99
pressure: 1017.689, temp: -28.48003,  time: 15901.15
pressure: 1017.738, temp: -28.45845,  time: 15916.33
pressure: 1017.689, temp: -28.48003,  time: 15931.53
pressure: 1017.787, temp: -28.43687,  time: 15946.59
pressure: 1018.028, temp: -28.43687,  time: 15961.69
pressure: 1017.545, temp: -28.43687,  time: 15976.8
pressure: 1018.028, temp: -28.43687,  time: 15991.95
pressure: 1017.738, temp: -28.45845,  time: 16007.09
pressure: 1017.787, temp: -28.43687,  time: 16022.21
pressure: 1017.836, temp: -28.4153,  time: 16037.33
pressure: 1018.077, temp: -28.4153,  time: 16052.5
pressure: 1017.836, temp: -28.4153,  time: 16067.62
pressure: 1017.787, temp: -28.43687,  time: 16082.74
pressure: 1017.787, temp: -28.43687,  time: 16097.83
pressure: 1017.545, temp: -28.43687,  time: 16113.01
pressure: 1017.836, temp: -28.4153,  time: 16128.11
pressure: 1017.787, temp: -28.43687,  time: 16143.23
pressure: 1017.787, temp: -28.43687,  time: 16158.41
pressure: 1018.028, temp: -28.43687,  time: 16173.59
pressure: 1017.303, temp: -28.43687,  time: 16188.72
pressure: 1017.545, temp: -28.43687,  time: 16203.87
pressure: 1018.028, temp: -28.43687,  time: 16219.0
pressure: 1017.836, temp: -28.4153,  time: 16234.17
pressure: 1018.028, temp: -28.43687,  time: 16249.28
pressure: 1018.028, temp: -28.43687,  time: 16264.47
pressure: 1017.787, temp: -28.43687,  time: 16279.57
pressure: 1018.028, temp: -28.43687,  time: 16294.79
pressure: 1018.028, temp: -28.43687,  time: 16309.91
pressure: 1017.689, temp: -28.48003,  time: 16325.05
pressure: 1017.979, temp: -28.45845,  time: 16340.17
pressure: 1017.738, temp: -28.45845,  time: 16355.36
pressure: 1017.979, temp: -28.45845,  time: 16370.47
pressure: 1017.979, temp: -28.45845,  time: 16385.58
pressure: 1017.979, temp: -28.45845,  time: 16400.72
pressure: 1017.738, temp: -28.45845,  time: 16415.92
pressure: 1017.738, temp: -28.45845,  time: 16431.04
pressure: 1018.221, temp: -28.45845,  time: 16446.26
pressure: 1017.738, temp: -28.45845,  time: 16461.37
pressure: 1018.028, temp: -28.43687,  time: 16476.55
pressure: 1017.787, temp: -28.43687,  time: 16491.66
pressure: 1018.028, temp: -28.43687,  time: 16506.78
pressure: 1017.787, temp: -28.43687,  time: 16521.9
pressure: 1017.787, temp: -28.43687,  time: 16537.07
pressure: 1017.836, temp: -28.4153,  time: 16552.19
pressure: 1017.836, temp: -28.4153,  time: 16567.31
pressure: 1017.594, temp: -28.4153,  time: 16582.5
pressure: 1017.787, temp: -28.43687,  time: 16597.68
pressure: 1018.077, temp: -28.4153,  time: 16612.82
pressure: 1017.885, temp: -28.39373,  time: 16627.97
pressure: 1017.692, temp: -28.37216,  time: 16643.11
pressure: 1018.077, temp: -28.4153,  time: 16658.3
pressure: 1018.126, temp: -28.39373,  time: 16673.42
pressure: 1017.594, temp: -28.4153,  time: 16688.59
pressure: 1017.836, temp: -28.4153,  time: 16703.72
pressure: 1017.643, temp: -28.39373,  time: 16718.94
pressure: 1017.643, temp: -28.39373,  time: 16734.11
pressure: 1017.885, temp: -28.39373,  time: 16749.26
pressure: 1017.643, temp: -28.39373,  time: 16764.41
pressure: 1018.126, temp: -28.39373,  time: 16779.64
pressure: 1017.836, temp: -28.4153,  time: 16794.77
pressure: 1017.643, temp: -28.39373,  time: 16809.92
pressure: 1017.885, temp: -28.39373,  time: 16825.08
pressure: 1017.885, temp: -28.39373,  time: 16840.31
pressure: 1017.885, temp: -28.39373,  time: 16855.46
pressure: 1017.885, temp: -28.39373,  time: 16870.68
pressure: 1017.934, temp: -28.37216,  time: 16885.84
pressure: 1017.885, temp: -28.39373,  time: 16901.07
pressure: 1017.692, temp: -28.37216,  time: 16916.25
pressure: 1017.692, temp: -28.37216,  time: 16931.42
pressure: 1018.175, temp: -28.37216,  time: 16946.59
pressure: 1017.934, temp: -28.37216,  time: 16961.81
pressure: 1017.934, temp: -28.37216,  time: 16976.99
pressure: 1017.885, temp: -28.39373,  time: 16992.17
pressure: 1017.836, temp: -28.4153,  time: 17007.39
pressure: 1018.126, temp: -28.39373,  time: 17022.65
pressure: 1017.885, temp: -28.39373,  time: 17037.84
pressure: 1018.126, temp: -28.39373,  time: 17053.04
pressure: 1018.175, temp: -28.37216,  time: 17068.24
pressure: 1018.175, temp: -28.37216,  time: 17083.52
pressure: 1017.885, temp: -28.39373,  time: 17098.66
pressure: 1017.885, temp: -28.39373,  time: 17113.9
pressure: 1017.934, temp: -28.37216,  time: 17129.05
pressure: 1017.499, temp: -28.35059,  time: 17144.27
pressure: 1017.643, temp: -28.39373,  time: 17159.48
pressure: 1018.175, temp: -28.37216,  time: 17174.65
pressure: 1017.983, temp: -28.35059,  time: 17189.83
pressure: 1018.175, temp: -28.37216,  time: 17205.06
pressure: 1017.983, temp: -28.35059,  time: 17220.22
pressure: 1017.45, temp: -28.37216,  time: 17235.37
pressure: 1017.885, temp: -28.39373,  time: 17250.54
pressure: 1017.885, temp: -28.39373,  time: 17265.78
pressure: 1017.836, temp: -28.4153,  time: 17280.94
pressure: 1017.643, temp: -28.39373,  time: 17296.18
pressure: 1017.594, temp: -28.4153,  time: 17311.36
pressure: 1017.885, temp: -28.39373,  time: 17326.59
pressure: 1018.077, temp: -28.4153,  time: 17341.78
pressure: 1018.126, temp: -28.39373,  time: 17356.96
pressure: 1018.126, temp: -28.39373,  time: 17372.12
pressure: 1017.885, temp: -28.39373,  time: 17387.37
pressure: 1018.077, temp: -28.4153,  time: 17402.56
pressure: 1017.885, temp: -28.39373,  time: 17417.75
pressure: 1017.885, temp: -28.39373,  time: 17433.0
pressure: 1018.126, temp: -28.39373,  time: 17448.25
pressure: 1017.885, temp: -28.39373,  time: 17463.48
pressure: 1018.368, temp: -28.39373,  time: 17478.66
pressure: 1018.175, temp: -28.37216,  time: 17493.85
pressure: 1017.934, temp: -28.37216,  time: 17509.07
pressure: 1017.885, temp: -28.39373,  time: 17524.24
pressure: 1017.643, temp: -28.39373,  time: 17539.43
pressure: 1017.934, temp: -28.37216,  time: 17554.6
pressure: 1017.983, temp: -28.35059,  time: 17569.88
pressure: 1017.983, temp: -28.35059,  time: 17585.08
pressure: 1018.224, temp: -28.35059,  time: 17600.29
pressure: 1017.741, temp: -28.35059,  time: 17615.52
pressure: 1017.885, temp: -28.39373,  time: 17630.76
pressure: 1018.175, temp: -28.37216,  time: 17645.92
pressure: 1018.224, temp: -28.35059,  time: 17661.08
pressure: 1018.466, temp: -28.35059,  time: 17676.27
pressure: 1017.934, temp: -28.37216,  time: 17691.5
pressure: 1017.983, temp: -28.35059,  time: 17706.7
pressure: 1017.983, temp: -28.35059,  time: 17721.91
pressure: 1017.741, temp: -28.35059,  time: 17737.09
pressure: 1017.741, temp: -28.35059,  time: 17752.34
pressure: 1018.273, temp: -28.32903,  time: 17767.54
pressure: 1017.741, temp: -28.35059,  time: 17782.73
pressure: 1017.983, temp: -28.35059,  time: 17797.9
pressure: 1017.983, temp: -28.35059,  time: 17813.16
pressure: 1018.224, temp: -28.35059,  time: 17828.35
pressure: 1018.032, temp: -28.32903,  time: 17843.55
pressure: 1018.032, temp: -28.32903,  time: 17858.8
pressure: 1018.224, temp: -28.35059,  time: 17874.06
pressure: 1018.032, temp: -28.32903,  time: 17889.26
pressure: 1018.032, temp: -28.32903,  time: 17904.49
pressure: 1017.983, temp: -28.35059,  time: 17919.7
pressure: 1017.741, temp: -28.35059,  time: 17934.94
pressure: 1017.983, temp: -28.35059,  time: 17950.14
pressure: 1017.983, temp: -28.35059,  time: 17965.36
pressure: 1017.741, temp: -28.35059,  time: 17980.57
pressure: 1018.175, temp: -28.37216,  time: 17995.89
pressure: 1017.548, temp: -28.32903,  time: 18011.1
pressure: 1018.032, temp: -28.32903,  time: 18026.34
pressure: 1018.08, temp: -28.30746,  time: 18041.58
pressure: 1017.839, temp: -28.30746,  time: 18056.84
pressure: 1017.839, temp: -28.30746,  time: 18072.04
pressure: 1017.839, temp: -28.30746,  time: 18087.25
pressure: 1018.13, temp: -28.2859,  time: 18102.49
pressure: 1017.888, temp: -28.2859,  time: 18117.77
pressure: 1017.839, temp: -28.30746,  time: 18133.06
pressure: 1018.322, temp: -28.30746,  time: 18148.3
pressure: 1017.888, temp: -28.2859,  time: 18163.54
pressure: 1017.888, temp: -28.2859,  time: 18178.82
pressure: 1017.888, temp: -28.2859,  time: 18194.06
pressure: 1017.888, temp: -28.2859,  time: 18209.29
pressure: 1017.888, temp: -28.2859,  time: 18224.52
pressure: 1017.839, temp: -28.30746,  time: 18239.82
pressure: 1018.13, temp: -28.2859,  time: 18255.06
pressure: 1017.839, temp: -28.30746,  time: 18270.4
pressure: 1017.839, temp: -28.30746,  time: 18285.67
pressure: 1018.032, temp: -28.32903,  time: 18300.93
pressure: 1017.597, temp: -28.30746,  time: 18316.15
pressure: 1017.839, temp: -28.30746,  time: 18331.37
pressure: 1017.839, temp: -28.30746,  time: 18346.58
pressure: 1018.032, temp: -28.32903,  time: 18361.83
pressure: 1017.548, temp: -28.32903,  time: 18377.05
pressure: 1018.032, temp: -28.32903,  time: 18392.28
pressure: 1017.79, temp: -28.32903,  time: 18407.53
pressure: 1018.224, temp: -28.35059,  time: 18422.83
pressure: 1018.032, temp: -28.32903,  time: 18438.05
pressure: 1018.032, temp: -28.32903,  time: 18453.29
pressure: 1018.032, temp: -28.32903,  time: 18468.52
pressure: 1017.79, temp: -28.32903,  time: 18483.79
pressure: 1017.79, temp: -28.32903,  time: 18498.99
pressure: 1017.597, temp: -28.30746,  time: 18514.25
pressure: 1018.515, temp: -28.32903,  time: 18529.5
pressure: 1018.032, temp: -28.32903,  time: 18544.8
pressure: 1017.741, temp: -28.35059,  time: 18560.09
pressure: 1017.79, temp: -28.32903,  time: 18575.32
pressure: 1018.322, temp: -28.30746,  time: 18590.55
pressure: 1017.79, temp: -28.32903,  time: 18605.86
pressure: 1018.322, temp: -28.30746,  time: 18621.09
pressure: 1018.08, temp: -28.30746,  time: 18636.32
pressure: 1018.13, temp: -28.2859,  time: 18651.57
pressure: 1017.888, temp: -28.2859,  time: 18666.91
pressure: 1017.937, temp: -28.26434,  time: 18682.02
pressure: 1018.13, temp: -28.2859,  time: 18697.14
pressure: 1017.839, temp: -28.30746,  time: 18712.21
pressure: 1017.646, temp: -28.2859,  time: 18727.35
pressure: 1017.888, temp: -28.2859,  time: 18742.43
pressure: 1017.597, temp: -28.30746,  time: 18757.5
pressure: 1017.839, temp: -28.30746,  time: 18772.57
pressure: 1017.646, temp: -28.2859,  time: 18787.71
pressure: 1017.355, temp: -28.30746,  time: 18802.82
pressure: 1017.888, temp: -28.2859,  time: 18817.9
pressure: 1017.695, temp: -28.26434,  time: 18833.01
pressure: 1017.888, temp: -28.2859,  time: 18848.15
pressure: 1017.695, temp: -28.26434,  time: 18863.23
pressure: 1017.646, temp: -28.2859,  time: 18878.34
pressure: 1017.937, temp: -28.26434,  time: 18893.4
pressure: 1018.178, temp: -28.26434,  time: 18908.5
pressure: 1017.646, temp: -28.2859,  time: 18923.6
pressure: 1017.888, temp: -28.2859,  time: 18938.69
pressure: 1017.888, temp: -28.2859,  time: 18953.81
pressure: 1017.646, temp: -28.2859,  time: 18968.98
pressure: 1017.646, temp: -28.2859,  time: 18984.08
pressure: 1017.646, temp: -28.2859,  time: 18999.2
pressure: 1017.646, temp: -28.2859,  time: 19014.32
pressure: 1017.839, temp: -28.30746,  time: 19029.46
pressure: 1017.597, temp: -28.30746,  time: 19044.52
pressure: 1017.597, temp: -28.30746,  time: 19059.64
pressure: 1018.13, temp: -28.2859,  time: 19074.71
pressure: 1017.839, temp: -28.30746,  time: 19089.93
pressure: 1017.888, temp: -28.2859,  time: 19105.05
pressure: 1018.13, temp: -28.2859,  time: 19120.17
pressure: 1017.695, temp: -28.26434,  time: 19135.28
pressure: 1017.646, temp: -28.2859,  time: 19150.44
pressure: 1017.646, temp: -28.2859,  time: 19165.53
pressure: 1018.13, temp: -28.2859,  time: 19180.64
pressure: 1017.888, temp: -28.2859,  time: 19195.78
pressure: 1017.839, temp: -28.30746,  time: 19210.95
pressure: 1018.13, temp: -28.2859,  time: 19226.12
pressure: 1017.597, temp: -28.30746,  time: 19241.25
pressure: 1018.08, temp: -28.30746,  time: 19256.39
pressure: 1017.548, temp: -28.32903,  time: 19271.58
pressure: 1017.79, temp: -28.32903,  time: 19286.7
pressure: 1017.839, temp: -28.30746,  time: 19301.82
pressure: 1017.597, temp: -28.30746,  time: 19316.95
pressure: 1017.839, temp: -28.30746,  time: 19332.14
pressure: 1017.888, temp: -28.2859,  time: 19347.26
pressure: 1017.888, temp: -28.2859,  time: 19362.45
pressure: 1017.888, temp: -28.2859,  time: 19377.58
pressure: 1017.646, temp: -28.2859,  time: 19392.78
pressure: 1017.597, temp: -28.30746,  time: 19407.92
pressure: 1017.695, temp: -28.26434,  time: 19423.05
pressure: 1017.646, temp: -28.2859,  time: 19438.18
pressure: 1018.13, temp: -28.2859,  time: 19453.42
pressure: 1017.839, temp: -28.30746,  time: 19468.58
pressure: 1017.646, temp: -28.2859,  time: 19483.68
pressure: 1017.695, temp: -28.26434,  time: 19498.86
pressure: 1018.178, temp: -28.26434,  time: 19514.02
pressure: 1018.42, temp: -28.26434,  time: 19529.15
pressure: 1017.986, temp: -28.24278,  time: 19544.28
pressure: 1018.178, temp: -28.26434,  time: 19559.39
pressure: 1017.502, temp: -28.24278,  time: 19574.55
pressure: 1017.937, temp: -28.26434,  time: 19589.68
pressure: 1018.227, temp: -28.24278,  time: 19604.83
pressure: 1017.986, temp: -28.24278,  time: 19619.96
pressure: 1018.13, temp: -28.2859,  time: 19635.18
pressure: 1017.744, temp: -28.24278,  time: 19650.31
pressure: 1018.13, temp: -28.2859,  time: 19665.44
pressure: 1017.646, temp: -28.2859,  time: 19680.58
pressure: 1017.888, temp: -28.2859,  time: 19695.77
pressure: 1018.371, temp: -28.2859,  time: 19710.88
pressure: 1017.888, temp: -28.2859,  time: 19726.02
pressure: 1018.08, temp: -28.30746,  time: 19741.17
pressure: 1017.839, temp: -28.30746,  time: 19756.38
pressure: 1018.13, temp: -28.2859,  time: 19771.53
pressure: 1017.888, temp: -28.2859,  time: 19786.7
pressure: 1017.839, temp: -28.30746,  time: 19801.85
pressure: 1017.646, temp: -28.2859,  time: 19817.07
pressure: 1017.888, temp: -28.2859,  time: 19832.21
pressure: 1017.695, temp: -28.26434,  time: 19847.36
pressure: 1018.08, temp: -28.30746,  time: 19862.57
pressure: 1017.646, temp: -28.2859,  time: 19877.74
pressure: 1017.839, temp: -28.30746,  time: 19892.92
pressure: 1017.597, temp: -28.30746,  time: 19908.05
pressure: 1017.597, temp: -28.30746,  time: 19923.2
pressure: 1017.839, temp: -28.30746,  time: 19938.4
pressure: 1017.646, temp: -28.2859,  time: 19953.56
pressure: 1017.888, temp: -28.2859,  time: 19968.74
pressure: 1017.937, temp: -28.26434,  time: 19983.87
pressure: 1017.646, temp: -28.2859,  time: 19999.07
pressure: 1017.646, temp: -28.2859,  time: 20014.18
pressure: 1017.695, temp: -28.26434,  time: 20029.36
pressure: 1017.646, temp: -28.2859,  time: 20044.49
pressure: 1018.13, temp: -28.2859,  time: 20059.7
pressure: 1017.695, temp: -28.26434,  time: 20074.84
pressure: 1017.597, temp: -28.30746,  time: 20089.98
pressure: 1017.453, temp: -28.26434,  time: 20105.12
pressure: 1017.646, temp: -28.2859,  time: 20120.31
pressure: 1017.405, temp: -28.2859,  time: 20135.46
pressure: 1017.453, temp: -28.26434,  time: 20150.6
pressure: 1017.937, temp: -28.26434,  time: 20165.8
pressure: 1017.888, temp: -28.2859,  time: 20181.01
pressure: 1017.646, temp: -28.2859,  time: 20196.16
pressure: 1018.13, temp: -28.2859,  time: 20211.33
pressure: 1017.646, temp: -28.2859,  time: 20226.47
pressure: 1017.839, temp: -28.30746,  time: 20241.66
pressure: 1017.405, temp: -28.2859,  time: 20256.83
pressure: 1017.888, temp: -28.2859,  time: 20271.99
pressure: 1017.937, temp: -28.26434,  time: 20287.2
pressure: 1017.695, temp: -28.26434,  time: 20302.41
pressure: 1017.695, temp: -28.26434,  time: 20317.59
pressure: 1017.646, temp: -28.2859,  time: 20332.75
pressure: 1017.695, temp: -28.26434,  time: 20347.93
pressure: 1017.744, temp: -28.24278,  time: 20363.13
pressure: 1017.937, temp: -28.26434,  time: 20378.3
pressure: 1017.888, temp: -28.2859,  time: 20393.49
pressure: 1017.405, temp: -28.2859,  time: 20408.67
pressure: 1017.888, temp: -28.2859,  time: 20423.96
pressure: 1017.646, temp: -28.2859,  time: 20439.13
pressure: 1017.405, temp: -28.2859,  time: 20454.33
pressure: 1017.646, temp: -28.2859,  time: 20469.54
pressure: 1017.888, temp: -28.2859,  time: 20484.78
pressure: 1017.695, temp: -28.26434,  time: 20499.96
pressure: 1017.888, temp: -28.2859,  time: 20515.15
pressure: 1017.986, temp: -28.24278,  time: 20530.35
pressure: 1017.502, temp: -28.24278,  time: 20545.6
pressure: 1017.744, temp: -28.24278,  time: 20560.85
pressure: 1017.744, temp: -28.24278,  time: 20576.05
pressure: 1017.937, temp: -28.26434,  time: 20591.26
pressure: 1017.646, temp: -28.2859,  time: 20606.53
pressure: 1017.453, temp: -28.26434,  time: 20621.71
pressure: 1017.405, temp: -28.2859,  time: 20636.95
pressure: 1017.937, temp: -28.26434,  time: 20652.19
pressure: 1017.646, temp: -28.2859,  time: 20667.41
pressure: 1017.937, temp: -28.26434,  time: 20682.62
pressure: 1017.695, temp: -28.26434,  time: 20697.82
pressure: 1017.888, temp: -28.2859,  time: 20713.01
pressure: 1017.695, temp: -28.26434,  time: 20728.22
pressure: 1017.937, temp: -28.26434,  time: 20743.42
pressure: 1017.986, temp: -28.24278,  time: 20758.58
pressure: 1017.695, temp: -28.26434,  time: 20773.76
pressure: 1018.13, temp: -28.2859,  time: 20789.01
pressure: 1017.695, temp: -28.26434,  time: 20804.2
pressure: 1017.695, temp: -28.26434,  time: 20819.44
pressure: 1017.888, temp: -28.2859,  time: 20834.64
pressure: 1017.744, temp: -28.24278,  time: 20849.9
pressure: 1017.695, temp: -28.26434,  time: 20865.11
pressure: 1017.986, temp: -28.24278,  time: 20880.3
pressure: 1018.178, temp: -28.26434,  time: 20895.47
pressure: 1017.937, temp: -28.26434,  time: 20910.73
pressure: 1017.502, temp: -28.24278,  time: 20925.93
pressure: 1017.695, temp: -28.26434,  time: 20941.18
pressure: 1017.502, temp: -28.24278,  time: 20956.41
pressure: 1017.937, temp: -28.26434,  time: 20971.67
pressure: 1017.937, temp: -28.26434,  time: 20986.87
pressure: 1017.453, temp: -28.26434,  time: 21002.1
pressure: 1017.646, temp: -28.2859,  time: 21017.29
pressure: 1017.646, temp: -28.2859,  time: 21032.54
pressure: 1017.888, temp: -28.2859,  time: 21047.78
pressure: 1018.371, temp: -28.2859,  time: 21063.03
pressure: 1017.646, temp: -28.2859,  time: 21078.29
pressure: 1017.695, temp: -28.26434,  time: 21093.52
pressure: 1017.888, temp: -28.2859,  time: 21108.73
pressure: 1017.453, temp: -28.26434,  time: 21123.96
pressure: 1017.502, temp: -28.24278,  time: 21139.16
pressure: 1017.695, temp: -28.26434,  time: 21154.44
pressure: 1017.502, temp: -28.24278,  time: 21169.62
pressure: 1017.744, temp: -28.24278,  time: 21184.82
pressure: 1017.453, temp: -28.26434,  time: 21200.04
pressure: 1017.986, temp: -28.24278,  time: 21215.31
pressure: 1017.744, temp: -28.24278,  time: 21230.52
pressure: 1017.502, temp: -28.24278,  time: 21245.72
pressure: 1017.695, temp: -28.26434,  time: 21260.93
pressure: 1017.744, temp: -28.24278,  time: 21276.16
pressure: 1017.986, temp: -28.24278,  time: 21291.35
pressure: 1017.744, temp: -28.24278,  time: 21306.58
pressure: 1017.793, temp: -28.22122,  time: 21321.78
pressure: 1017.744, temp: -28.24278,  time: 21337.09
pressure: 1017.551, temp: -28.22122,  time: 21352.29
pressure: 1018.227, temp: -28.24278,  time: 21367.51
pressure: 1018.035, temp: -28.22122,  time: 21382.73
pressure: 1017.744, temp: -28.24278,  time: 21398.0
pressure: 1018.276, temp: -28.22122,  time: 21413.19
pressure: 1017.986, temp: -28.24278,  time: 21428.42
pressure: 1017.26, temp: -28.24278,  time: 21443.64
pressure: 1017.502, temp: -28.24278,  time: 21458.94
pressure: 1017.551, temp: -28.22122,  time: 21474.17
pressure: 1018.035, temp: -28.22122,  time: 21489.4
pressure: 1017.986, temp: -28.24278,  time: 21504.62
pressure: 1017.744, temp: -28.24278,  time: 21519.92
pressure: 1017.986, temp: -28.24278,  time: 21535.14
pressure: 1017.744, temp: -28.24278,  time: 21550.36
pressure: 1017.502, temp: -28.24278,  time: 21565.63
pressure: 1017.695, temp: -28.26434,  time: 21580.9
pressure: 1017.502, temp: -28.24278,  time: 21596.19
pressure: 1017.646, temp: -28.2859,  time: 21611.43
pressure: 1017.986, temp: -28.24278,  time: 21626.68
pressure: 1017.502, temp: -28.24278,  time: 21641.99
pressure: 1017.695, temp: -28.26434,  time: 21657.22
pressure: 1017.986, temp: -28.24278,  time: 21672.46
pressure: 1017.695, temp: -28.26434,  time: 21687.72
pressure: 1017.744, temp: -28.24278,  time: 21703.03
pressure: 1017.744, temp: -28.24278,  time: 21718.31
pressure: 1017.453, temp: -28.26434,  time: 21733.58
pressure: 1017.937, temp: -28.26434,  time: 21748.84
pressure: 1017.744, temp: -28.24278,  time: 21764.14
pressure: 1017.793, temp: -28.22122,  time: 21779.43
pressure: 1017.453, temp: -28.26434,  time: 21794.68
pressure: 1018.035, temp: -28.22122,  time: 21809.92
pressure: 1017.986, temp: -28.24278,  time: 21825.3
pressure: 1017.695, temp: -28.26434,  time: 21840.56
pressure: 1017.937, temp: -28.26434,  time: 21855.84
pressure: 1018.469, temp: -28.24278,  time: 21871.06
pressure: 1017.695, temp: -28.26434,  time: 21886.36
pressure: 1017.937, temp: -28.26434,  time: 21901.61
pressure: 1017.695, temp: -28.26434,  time: 21916.84
pressure: 1017.744, temp: -28.24278,  time: 21932.06
pressure: 1017.986, temp: -28.24278,  time: 21947.36
pressure: 1017.937, temp: -28.26434,  time: 21962.59
pressure: 1017.937, temp: -28.26434,  time: 21977.88
pressure: 1018.178, temp: -28.26434,  time: 21993.14
pressure: 1017.695, temp: -28.26434,  time: 22008.45
pressure: 1017.744, temp: -28.24278,  time: 22023.68
pressure: 1017.695, temp: -28.26434,  time: 22038.95
pressure: 1017.937, temp: -28.26434,  time: 22054.19
pressure: 1017.937, temp: -28.26434,  time: 22069.49
pressure: 1017.744, temp: -28.24278,  time: 22084.75
pressure: 1017.793, temp: -28.22122,  time: 22100.01
pressure: 1018.035, temp: -28.22122,  time: 22115.3
pressure: 1017.502, temp: -28.24278,  time: 22130.6
pressure: 1017.744, temp: -28.24278,  time: 22145.79
pressure: 1017.986, temp: -28.24278,  time: 22160.99
pressure: 1017.986, temp: -28.24278,  time: 22176.16
pressure: 1017.695, temp: -28.26434,  time: 22191.39
pressure: 1017.744, temp: -28.24278,  time: 22206.59
pressure: 1017.937, temp: -28.26434,  time: 22221.78
pressure: 1017.695, temp: -28.26434,  time: 22237.02
pressure: 1017.695, temp: -28.26434,  time: 22252.27
pressure: 1017.986, temp: -28.24278,  time: 22267.51
pressure: 1017.793, temp: -28.22122,  time: 22282.71
pressure: 1017.744, temp: -28.24278,  time: 22297.88
pressure: 1017.695, temp: -28.26434,  time: 22313.1
pressure: 1017.502, temp: -28.24278,  time: 22328.32
pressure: 1017.937, temp: -28.26434,  time: 22343.4
pressure: 1017.695, temp: -28.26434,  time: 22358.52
pressure: 1017.453, temp: -28.26434,  time: 22373.66
pressure: 1017.937, temp: -28.26434,  time: 22388.75
pressure: 1018.178, temp: -28.26434,  time: 22403.84
pressure: 1017.937, temp: -28.26434,  time: 22418.93
pressure: 1017.695, temp: -28.26434,  time: 22434.05
pressure: 1017.937, temp: -28.26434,  time: 22449.14
pressure: 1017.597, temp: -28.30746,  time: 22464.23
pressure: 1017.646, temp: -28.2859,  time: 22479.35
pressure: 1017.888, temp: -28.2859,  time: 22494.52
pressure: 1017.646, temp: -28.2859,  time: 22509.64
pressure: 1017.695, temp: -28.26434,  time: 22524.76
pressure: 1017.405, temp: -28.2859,  time: 22539.87
pressure: 1017.937, temp: -28.26434,  time: 22555.01
pressure: 1017.695, temp: -28.26434,  time: 22570.11
pressure: 1017.937, temp: -28.26434,  time: 22585.23
pressure: 1017.453, temp: -28.26434,  time: 22600.34
pressure: 1017.986, temp: -28.24278,  time: 22615.55
pressure: 1017.937, temp: -28.26434,  time: 22630.68
pressure: 1017.937, temp: -28.26434,  time: 22645.79
pressure: 1017.695, temp: -28.26434,  time: 22660.92
pressure: 1017.695, temp: -28.26434,  time: 22676.07
pressure: 1017.646, temp: -28.2859,  time: 22691.18
pressure: 1017.646, temp: -28.2859,  time: 22706.33
pressure: 1017.839, temp: -28.30746,  time: 22721.45
pressure: 1017.646, temp: -28.2859,  time: 22736.68
pressure: 1017.695, temp: -28.26434,  time: 22751.81
pressure: 1017.937, temp: -28.26434,  time: 22766.95
pressure: 1017.646, temp: -28.2859,  time: 22782.1
pressure: 1018.08, temp: -28.30746,  time: 22797.28
pressure: 1017.695, temp: -28.26434,  time: 22812.4
pressure: 1017.839, temp: -28.30746,  time: 22827.54
pressure: 1018.178, temp: -28.26434,  time: 22842.68
pressure: 1017.839, temp: -28.30746,  time: 22857.94
pressure: 1017.597, temp: -28.30746,  time: 22873.08
pressure: 1017.646, temp: -28.2859,  time: 22888.24
pressure: 1017.788, temp: -27.03838,  time: 22903.4
pressure: 1017.319, temp: -24.24338,  time: 22918.58
pressure: 1017.727, temp: -21.22823,  time: 22933.71
